signal_date,buy_date,sell_date,portfolio_ret,benchmark_ret,excess_ret,n_stocks,top_stocks,cum_portfolio,cum_benchmark,cum_excess
2023-07-05,2023-07-06,2023-07-13,-0.037517123476505834,0.015633116616645102,-0.05315024009315093,10,"300124.SZ,300394.SZ,600111.SH,300418.SZ,688256.SH,300033.SZ,601360.SH,601360.SH,601238.SH,601238.SH",0.9624828765234942,1.015633116616645,0.946849759906849
2023-07-12,2023-07-13,2023-07-20,-0.049485208277271195,-0.01710898822775507,-0.032376220049516125,10,"688506.SH,002028.SZ,300476.SZ,002463.SZ,002459.SZ,688047.SH,688256.SH,600010.SH,688041.SH,688008.SH",0.914854210915422,0.9982566615807327,0.9161943437262734
2023-07-19,2023-07-20,2023-07-27,0.0011532398781016434,0.01424124479185611,-0.013088004913754466,10,"300628.SZ,601136.SH,601059.SH,300394.SZ,000977.SZ,688082.SH,603019.SH,688506.SH,601058.SH,688472.SH",0.9159092572740988,1.012473079063405,0.9042031876536298
2023-07-26,2023-07-27,2023-08-03,0.04521833239355161,0.028355764700047987,0.01686256769350362,10,"688472.SH,601136.SH,300628.SZ,002463.SZ,002736.SZ,600999.SH,600048.SH,601229.SH,600029.SH,601825.SH",0.9573251465118499,1.04118252745846,0.919450375114121
2023-08-02,2023-08-03,2023-08-10,0.056060230065206516,-0.005639140932699309,0.061699370997905824,10,"601136.SH,300803.SZ,300033.SZ,601456.SH,688256.SH,600918.SH,600918.SH,300476.SZ,601377.SH,601236.SH",1.0109930144725117,1.0353111524494578,0.9761798849224509
2023-08-09,2023-08-10,2023-08-17,0.010785152538742161,-0.03438111719969666,0.04516626973843882,10,"601136.SH,300803.SZ,601059.SH,601456.SH,000895.SZ,300832.SZ,302132.SZ,688506.SH,000063.SZ,000063.SZ",1.0218967283492004,0.9997159983789401,1.0202702889180963
2023-08-16,2023-08-17,2023-08-24,-0.027245027419586863,-0.030388894925876337,0.0031438675062894737,10,"601136.SH,601059.SH,601456.SH,300803.SZ,300394.SZ,601138.SH,003816.SZ,300442.SZ,600025.SH,600025.SH",0.9940551239653403,0.9693357339484849,1.0234778835270584
2023-08-23,2023-08-24,2023-08-31,-0.001326792869321612,0.011574650325395905,-0.012901443194717517,10,"601059.SH,300661.SZ,300442.SZ,601136.SH,002463.SZ,605117.SH,601995.SH,300476.SZ,300803.SZ,300759.SZ",0.9927362187151506,0.9805554561168497,1.0102735417516844
2023-08-30,2023-08-31,2023-09-07,-0.020172667902432127,-0.0008800277142712997,-0.019292640188160827,10,"300033.SZ,601689.SH,603799.SH,603392.SH,601995.SH,601127.SH,688041.SH,300803.SZ,688271.SH,688472.SH",0.9727100806602936,0.9796925401400869,0.9907826978190503
2023-09-06,2023-09-07,2023-09-14,0.007220362644530133,-0.00017829444703003136,0.007398657091560165,10,"601127.SH,301236.SZ,300803.SZ,601995.SH,600039.SH,603799.SH,300033.SZ,000776.SZ,601872.SH,600918.SH",0.9797334001906511,0.9795178664003832,0.9981131592524642
2023-09-13,2023-09-14,2023-09-21,0.000707072386242626,-0.016280977342952144,0.016988049729194772,10,"601127.SH,600039.SH,300803.SZ,301236.SZ,601059.SH,300476.SZ,300498.SZ,600027.SH,600027.SH,603799.SH",0.9804261426238055,0.9635703582105016,1.0150691552372089
2023-09-20,2023-09-21,2023-09-28,0.05369924652187217,0.010550222604720811,0.043149023917151356,10,"300308.SZ,601059.SH,601825.SH,600519.SH,300418.SZ,600406.SH,300251.SZ,000708.SZ,300498.SZ,002415.SZ",1.0330742877530494,0.9737362399849329,1.0588683984941016
2023-09-27,2023-09-28,2023-10-13,-0.03012941813177889,-0.00679818443492262,-0.02333123369685627,10,"601136.SH,002463.SZ,300308.SZ,300502.SZ,300394.SZ,301236.SZ,002709.SZ,601138.SH,002460.SZ,300750.SZ",1.0019483605761481,0.9671166014345471,1.0341636924346198
2023-10-12,2023-10-13,2023-10-20,0.0029800112190862,-0.03825879412048634,0.04123880533957254,10,"601127.SH,300122.SZ,300418.SZ,601136.SH,300394.SZ,601808.SH,600809.SH,601600.SH,600111.SH,300803.SZ",1.00493417793161,0.9301158864897583,1.0768113676361846
2023-10-19,2023-10-20,2023-10-27,0.018800520134823355,0.01663706923345798,0.0021634509013653755,10,"601127.SH,300122.SZ,600415.SH,600346.SH,600346.SH,002714.SZ,601059.SH,002594.SZ,600845.SH,600845.SH",1.0238274631779856,0.9455902888884274,1.0791409961600975
2023-10-26,2023-10-27,2023-11-03,0.03360073409075176,0.0017991956998321143,0.03180153839091965,10,"301236.SZ,601127.SH,601138.SH,300502.SZ,000063.SZ,000063.SZ,601698.SH,688012.SH,688041.SH,688169.SH",1.058228817523038,0.9472915908699986,1.113459339978698
2023-11-02,2023-11-03,2023-11-10,0.09553605311056348,0.009702928337463546,0.08583312477309994,10,"601127.SH,300122.SZ,300394.SZ,688256.SH,300502.SZ,301236.SZ,300308.SZ,688111.SH,300418.SZ,300782.SZ",1.159327822037048,0.9564830932908919,1.209031034436863
2023-11-09,2023-11-10,2023-11-17,0.03032498368312212,0.004561979059344661,0.02576300462377746,10,"601901.SH,300502.SZ,002230.SZ,002459.SZ,601138.SH,601601.SH,000977.SZ,000983.SZ,300394.SZ,000938.SZ",1.194484419323711,0.9608465491331022,1.2401793065673505
2023-11-16,2023-11-17,2023-11-24,-0.042445283779584994,-0.011661756412790047,-0.030783527366794947,10,"301236.SZ,688256.SH,300122.SZ,601901.SH,300394.SZ,600027.SH,600027.SH,002179.SZ,601633.SH,000975.SZ",1.1437841891752232,0.949641390727042,1.2020022129439019
2023-11-23,2023-11-24,2023-12-01,0.010399472271150092,-0.0054685156370318615,0.015867987908181953,10,"300502.SZ,688256.SH,301236.SZ,000977.SZ,601318.SH,601919.SH,688396.SH,600515.SH,600115.SH,000538.SZ",1.1556789411347308,0.9444482619322785,1.2210755695245037
2023-11-30,2023-12-01,2023-12-08,0.02244594923710791,-0.013150349214678449,0.03559629845178636,10,"688256.SH,300502.SZ,688047.SH,301236.SZ,300442.SZ,688506.SH,688271.SH,601059.SH,601238.SH,601238.SH",1.1816192519818356,0.9320284374726728,1.264541339929483
2023-12-07,2023-12-08,2023-12-15,-0.01945829250510571,-0.013465640036481789,-0.00599265246862392,10,"300502.SZ,688047.SH,688256.SH,300418.SZ,688506.SH,300394.SZ,002459.SZ,300251.SZ,688271.SH,300413.SZ",1.158626958947109,0.9194780780299012,1.2569633831470775
2023-12-14,2023-12-15,2023-12-22,-0.03321355289718677,-0.00843355087770812,-0.02478000201947865,10,"688472.SH,601360.SH,601360.SH,600048.SH,600989.SH,601916.SH,688047.SH,002027.SZ,600276.SH,000063.SZ",1.1201448411580126,0.9117236128778987,1.2258158279742821
2023-12-21,2023-12-22,2023-12-29,0.059597541277589317,0.029703491243022406,0.02989405003456691,10,"603392.SH,601136.SH,601456.SH,688506.SH,605117.SH,601600.SH,601012.SH,600031.SH,000157.SZ,000157.SZ",1.186902719565806,0.938804987229074,1.2624604276689093
2023-12-28,2023-12-29,2024-01-08,-0.026294513131114174,-0.04000563311526494,0.013711119984150769,10,"603392.SH,301236.SZ,300832.SZ,601136.SH,688256.SH,300418.SZ,688271.SH,000630.SZ,300760.SZ,603260.SH",1.1556936904208277,0.9012474993432067,1.2797701740679202
2024-01-05,2024-01-08,2024-01-15,0.006553805189250741,0.0004537660363194654,0.006100039152931276,10,"605117.SH,603392.SH,300418.SZ,601800.SH,600926.SH,601186.SH,600219.SH,600219.SH,601825.SH,601658.SH",1.163267881726292,0.9016564548487266,1.2875768222364883
2024-01-12,2024-01-15,2024-01-22,-0.039390402546002054,-0.0378598899287671,-0.0015305126172349554,10,"300803.SZ,688111.SH,600989.SH,600362.SH,600660.SH,600031.SH,601998.SH,000895.SZ,600588.SH,688256.SH",1.1174462915962584,0.8675198407145914,1.2856061696643961
2024-01-19,2024-01-22,2024-01-29,0.0013722479919731538,0.03998616160235877,-0.03861391361038562,10,"300033.SZ,300502.SZ,603392.SH,600066.SH,688047.SH,601138.SH,300803.SZ,600519.SH,600016.SH,000157.SZ",1.1189797050260393,0.9022086292586575,1.2359638840919964
2024-01-26,2024-01-29,2024-02-05,-0.050762643963137274,-0.04819693735480852,-0.0025657066083287564,10,"601689.SH,601136.SH,601800.SH,002920.SZ,002920.SZ,300782.SZ,600482.SH,601857.SH,600585.SH,000001.SZ",1.0621773366578262,0.8587249364733103,1.2327927633869258
2024-02-02,2024-02-05,2024-02-20,0.09717967640993821,0.09727118341596429,-9.150700602607309e-05,10,"603259.SH,000776.SZ,600089.SH,601377.SH,601238.SH,601238.SH,601878.SH,301236.SZ,300661.SZ,601688.SH",1.1653993865242038,0.942254127272868,1.2326799542120976
2024-02-19,2024-02-20,2024-02-27,0.13361240662856738,0.03895083566389562,0.09466157096467176,10,"603296.SH,301236.SZ,603259.SH,688047.SH,300803.SZ,688256.SH,603392.SH,300502.SZ,300418.SZ,603893.SH",1.3211112032411587,0.9789557129379008,1.3493673751744746
2024-02-26,2024-02-27,2024-03-05,0.0071601152414806045,0.023115665689188415,-0.01595555044770781,10,"603259.SH,688047.SH,300803.SZ,002466.SZ,300347.SZ,601689.SH,002920.SZ,002920.SZ,603296.SH,603986.SH",1.3305705117031765,1.0015849259226945,1.3278374759473872
2024-03-04,2024-03-05,2024-03-12,0.009390173149273297,0.0064690132808119805,0.0029211598684613163,10,"000002.SZ,001979.SZ,000938.SZ,600048.SH,300476.SZ,688256.SH,601021.SH,601601.SH,688271.SH,300502.SZ",1.3430647991953866,1.0080641921103497,1.3317163014939637
2024-03-11,2024-03-12,2024-03-19,0.05064329846776975,0.005955082456223309,0.04468821601154644,10,"688506.SH,603259.SH,300347.SZ,300394.SZ,301236.SZ,300502.SZ,300418.SZ,603392.SH,300442.SZ,300122.SZ",1.411082030682594,1.014067297495533,1.3912283272412238
2024-03-18,2024-03-19,2024-03-26,-0.06873663813827505,-0.014209765032856701,-0.054526873105418344,10,"601138.SH,603259.SH,605117.SH,300418.SZ,300308.SZ,603392.SH,688256.SH,300476.SZ,300502.SZ,688047.SH",1.3140889957561421,0.9996576394706175,1.3153689967810782
2024-03-25,2024-03-26,2024-04-02,0.007508165827071702,0.012836091853762381,-0.005327926026690679,10,"300442.SZ,002920.SZ,002920.SZ,300418.SZ,002230.SZ,000977.SZ,300251.SZ,605117.SH,603260.SH,300759.SZ",1.3239553938478095,1.0124893367531778,1.3083608080684264
2024-04-01,2024-04-02,2024-04-11,0.0032898784817302143,-0.016907614838336707,0.02019749332006692,10,"300418.SZ,688008.SH,600436.SH,300442.SZ,603986.SH,600845.SH,600845.SH,000625.SZ,000625.SZ,600276.SH",1.3283110462088,0.995370557019432,1.3347864167496257
2024-04-10,2024-04-11,2024-04-18,0.011507883923094054,0.021339214799253724,-0.00983133087615967,10,"300418.SZ,603195.SH,301236.SZ,300442.SZ,600276.SH,603296.SH,300661.SZ,603993.SH,002625.SZ,000100.SZ",1.3435970955423344,1.0166109831405226,1.3216636898375567
2024-04-17,2024-04-18,2024-04-25,-0.00956218673509237,-0.01465143535193603,0.0050892486168436606,10,"002709.SZ,300418.SZ,002625.SZ,601138.SH,603392.SH,300502.SZ,300347.SZ,300442.SZ,601021.SH,301236.SZ",1.330749369218031,1.0017161730429711,1.3283899649429949
2024-04-24,2024-04-25,2024-05-07,0.05620814645855528,0.043268377776372026,0.012939768682183252,10,"300418.SZ,601138.SH,605117.SH,300442.SZ,300502.SZ,301236.SZ,300476.SZ,002625.SZ,600030.SH,600036.SH",1.405548324662668,1.045058806842896,1.3455790238090908
2024-05-06,2024-05-07,2024-05-14,-0.032859971035016484,0.006937756760893503,-0.03979772779590999,10,"300418.SZ,002466.SZ,002459.SZ,000625.SZ,000625.SZ,301236.SZ,601127.SH,300122.SZ,300033.SZ,002709.SZ",1.359362047425937,1.0523091706456016,1.2920280360916503
2024-05-13,2024-05-14,2024-05-21,0.017292063878634183,0.0008708930569468824,0.0164211708216873,10,"300418.SZ,002459.SZ,300442.SZ,002625.SZ,688256.SH,301236.SZ,000625.SZ,000625.SZ,601138.SH,688047.SH",1.3828682227842173,1.0532256193960785,1.3132446491787204
2024-05-20,2024-05-21,2024-05-28,-0.019561902457453338,-0.018964151362074584,-0.000597751095378754,10,"605117.SH,300418.SZ,300476.SZ,300122.SZ,600438.SH,000625.SZ,000625.SZ,601138.SH,002459.SZ,000651.SZ",1.3558166894986006,1.0332520893314365,1.3124596557511736
2024-05-27,2024-05-28,2024-06-04,0.02732542808545222,0.00701532398839388,0.02031010409705834,10,"301236.SZ,300476.SZ,001979.SZ,601138.SH,300442.SZ,300413.SZ,605117.SH,688256.SH,600362.SH,000002.SZ",1.3928649609445505,1.0405006874997815,1.3391158479826692
2024-06-03,2024-06-04,2024-06-12,-0.01778919779286433,-0.010792952962369358,-0.006996244830494972,10,"300476.SZ,300442.SZ,301236.SZ,300418.SZ,605117.SH,002920.SZ,002920.SZ,601825.SH,000002.SZ,601006.SH",1.3680870106555576,1.0292706125222835,1.3297470656537866
2024-06-11,2024-06-12,2024-06-19,-0.006485625886850797,-0.0008808806945952389,-0.005604745192255558,10,"300418.SZ,601888.SH,605117.SH,002459.SZ,300476.SZ,002625.SZ,300442.SZ,601872.SH,000975.SZ,300347.SZ",1.3592141101237856,1.0283639479101985,1.3222941721806476
2024-06-18,2024-06-19,2024-06-26,-0.025706098446987936,-0.01693034980953124,-0.008775748637456695,10,"605117.SH,300347.SZ,300442.SZ,600010.SH,603019.SH,603195.SH,600845.SH,600845.SH,300418.SZ,600111.SH",1.3242740183984085,1.0109533865405682,1.3106900509008164
2024-06-25,2024-06-26,2024-07-03,-0.04935382290266134,-0.00822847113399512,-0.04112535176866622,10,"300394.SZ,600010.SH,300760.SZ,002028.SZ,300832.SZ,300782.SZ,300418.SZ,688047.SH,300347.SZ,002460.SZ",1.2589160330197777,1.0026347857816045,1.2567874614978292
2024-07-02,2024-07-03,2024-07-10,0.046259457464832246,-0.004498676320001638,0.05075813378483388,10,"300394.SZ,603369.SH,688256.SH,601138.SH,300476.SZ,300866.SZ,603501.SH,601607.SH,601328.SH,002594.SZ",1.3171528057010515,0.9981242564131988,1.320579647607638
2024-07-09,2024-07-10,2024-07-17,0.007721908919316114,0.018822432281298717,-0.011100523361982603,10,"300394.SZ,601012.SH,601138.SH,688303.SH,605117.SH,002459.SZ,300059.SZ,601211.SH,600050.SH,600377.SH",1.3273237396994968,1.0169113826378577,1.3059205223780106
2024-07-16,2024-07-17,2024-07-24,-0.0237393177118832,-0.0251160363951736,0.001376718683290399,10,"688256.SH,300394.SZ,600406.SH,601138.SH,002459.SZ,002241.SZ,001979.SZ,688303.SH,300476.SZ,002920.SZ",1.2958139797362456,0.991370599340859,1.307718407560061
2024-07-23,2024-07-24,2024-07-31,0.07360862811947108,0.022155224694563633,0.05145340342490745,10,"002459.SZ,688303.SH,300394.SZ,601012.SH,300803.SZ,000858.SZ,000858.SZ,300059.SZ,002920.SZ,002920.SZ",1.3911970690826625,1.0133346377248398,1.3750049703504263
2024-07-30,2024-07-31,2024-08-07,-0.027098273154838246,-0.03039268224518099,0.0032944090903427453,10,"300394.SZ,300832.SZ,688047.SH,002600.SZ,600160.SH,002459.SZ,601012.SH,601919.SH,688303.SH,600438.SH",1.35349803089245,0.9825366800724331,1.3795347992240155
2024-08-06,2024-08-07,2024-08-14,0.023586664064143385,-0.012390399193104333,0.03597706325724772,10,"300394.SZ,300502.SZ,300476.SZ,002600.SZ,601138.SH,688256.SH,688169.SH,600160.SH,000807.SZ,603993.SH",1.3854225342585897,0.9703626583844682,1.4291664099612724
2024-08-13,2024-08-14,2024-08-21,0.01926354518584259,-0.00014893862482205503,0.019412483810664648,10,"300502.SZ,300866.SZ,300394.SZ,688169.SH,300476.SZ,603986.SH,601138.SH,688256.SH,002601.SZ,300308.SZ",1.4121106838487645,0.9702181339045498,1.4569100797573913
2024-08-20,2024-08-21,2024-08-28,-0.03292970005499933,-0.01653451276528936,-0.01639518728970997,10,"300476.SZ,300502.SZ,002600.SZ,601698.SH,002384.SZ,688256.SH,601138.SH,302132.SZ,688169.SH,600160.SH",1.3656103025851647,0.9541760497843897,1.4330237661355025
2024-08-27,2024-08-28,2024-09-04,-0.011252553836297684,-0.0051574149521170735,-0.006095138884180611,10,"002600.SZ,002384.SZ,300476.SZ,601825.SH,300750.SZ,000895.SZ,601628.SH,601688.SH,603893.SH,600377.SH",1.3502436991359223,0.9492549679582797,1.424289287256575
2024-09-03,2024-09-04,2024-09-11,-0.014082319528709317,-0.019009458741688617,0.0049271392129793,10,"600760.SH,601006.SH,601916.SH,300803.SZ,600585.SH,300628.SZ,000063.SZ,000063.SZ,601390.SH,002179.SZ",1.331229135923064,0.9312101448095339,1.4313069588544434
2024-09-10,2024-09-11,2024-09-20,0.001010922974157659,0.007452299823269227,-0.006441376849111568,10,"300394.SZ,688256.SH,300476.SZ,601825.SH,002384.SZ,300628.SZ,601288.SH,600009.SH,601689.SH,603259.SH",1.3325749060404366,0.9381498020071246,1.422087371345706
2024-09-19,2024-09-20,2024-09-27,0.14686104701475305,0.16002900866683015,-0.013167961652077093,10,"002466.SZ,600011.SH,600160.SH,002600.SZ,600089.SH,601916.SH,601169.SH,601816.SH,000001.SZ,000001.SZ",1.5282782519671214,1.0882809848033077,1.4033613793739226
2024-09-26,2024-09-27,2024-10-11,0.20352788597747015,0.057635363378722666,0.1458925225987475,10,"688981.SH,002916.SZ,688012.SH,688256.SH,688082.SH,688506.SH,688187.SH,300866.SZ,688008.SH,300394.SZ",1.839325493775333,1.1510044548206007,1.6081013111284421
2024-10-10,2024-10-11,2024-10-18,0.003423629755868531,0.015687841347679702,-0.01226421159181117,10,"600377.SH,600674.SH,601009.SH,600489.SH,001979.SZ,600547.SH,600115.SH,688082.SH,600025.SH,600025.SH",1.8456226632665498,1.1690612300982988,1.588379216387694
2024-10-17,2024-10-18,2024-10-25,-0.048046412935771866,0.014978850862558644,-0.06302526379833051,10,"300059.SZ,000975.SZ,688041.SH,300033.SZ,600048.SH,688111.SH,688047.SH,300803.SZ,301236.SZ,601988.SH",1.7569471146636262,1.1865724239131406,1.488271197263074
2024-10-24,2024-10-25,2024-11-01,-0.008215507176735456,-0.015449031366310682,0.007233524189575225,10,"605117.SH,601336.SH,300033.SZ,688041.SH,600026.SH,600377.SH,003816.SZ,002001.SZ,600415.SH,002422.SZ",1.7425129030339626,1.168241029317707,1.4990366429691244
2024-10-31,2024-11-01,2024-11-08,0.04923778206030087,0.06457393477678255,-0.015336152716481685,10,"688256.SH,002459.SZ,000617.SZ,600438.SH,300803.SZ,600845.SH,600845.SH,003816.SZ,600025.SH,600025.SH",1.828310373590811,1.24367894934843,1.476047188084948
2024-11-07,2024-11-08,2024-11-15,-0.051754656031745096,-0.03380265210278564,-0.01795200392895946,10,"601211.SH,688472.SH,601698.SH,301236.SZ,601901.SH,600999.SH,601788.SH,600600.SH,300803.SZ,601318.SH",1.7336867990863472,1.201639302496047,1.4495491831651175
2024-11-14,2024-11-15,2024-11-22,-0.019882303365474703,-0.026697910436132306,0.006815607070657603,10,"300033.SZ,600809.SH,600482.SH,300750.SZ,688303.SH,002460.SZ,601825.SH,002142.SZ,688271.SH,002230.SZ",1.6992171122061936,1.169558044021471,1.4594287408271636
2024-11-21,2024-11-22,2024-11-29,0.027609623616188794,0.017622289341637704,0.00998733427455109,10,"002459.SZ,300832.SZ,688169.SH,300124.SZ,600875.SH,600016.SH,600674.SH,600015.SH,300059.SZ,688111.SH",1.7461318571163942,1.1901683342750573,1.4740045435116917
2024-11-28,2024-11-29,2024-12-06,0.027619828687474167,0.017195995501987648,0.010423833185486519,10,"601360.SH,601360.SH,600039.SH,688111.SH,300033.SZ,300803.SZ,300059.SZ,300418.SZ,301269.SZ,688506.SH",1.7943597198756902,1.2106344635978592,1.4893693209879066
2024-12-05,2024-12-06,2024-12-13,-0.023954157367661974,-0.008468781596777471,-0.015485375770884503,10,"300979.SZ,300803.SZ,300033.SZ,601006.SH,688506.SH,601238.SH,601238.SH,300760.SZ,002594.SZ,688256.SH",1.7513773447715941,1.2003818647321172,1.4663058773907818
2024-12-12,2024-12-13,2024-12-20,0.010164711737547606,-0.004816120309880317,0.014980832047427922,10,"600415.SH,002179.SZ,300059.SZ,300476.SZ,601360.SH,601360.SH,603893.SH,000333.SZ,601059.SH,300274.SZ",1.7691795906248688,1.1946006812537688,1.4882723594701295
2024-12-19,2024-12-20,2024-12-27,0.008333372285270193,0.011205695713834975,-0.002872323428564782,10,"603986.SH,601456.SH,603259.SH,000807.SZ,300418.SZ,002714.SZ,002625.SZ,002179.SZ,300502.SZ,002236.SZ",1.7839228227930477,1.2079870129874384,1.4839975599039381
2024-12-26,2024-12-27,2025-01-06,-0.07688122444374379,-0.05958536856323424,-0.017295855880509553,10,"688271.SH,300502.SZ,300124.SZ,300782.SZ,600050.SH,601319.SH,002236.SZ,000895.SZ,600016.SH,002415.SZ",1.6467726518635784,1.1360086615989815,1.4583305519808119
2025-01-03,2025-01-06,2025-01-13,-0.008615453356632396,-0.011017192627527421,0.002401739270895025,10,"000858.SZ,000858.SZ,603296.SH,601360.SH,601360.SH,688396.SH,002916.SZ,605499.SH,600519.SH,300308.SZ",1.63258495889247,1.1234930353476058,1.4618330817374503
2025-01-10,2025-01-13,2025-01-20,0.06729659127801732,0.0334567535337492,0.03383983774426812,10,"000002.SZ,603986.SH,603893.SH,300308.SZ,301236.SZ,688169.SH,603296.SH,000063.SZ,000063.SZ,001979.SZ",1.742452361597695,1.1610814649281143,1.511301276032649
2025-01-17,2025-01-20,2025-01-27,0.002175720858440768,0.0012310581789342688,0.0009446626795064992,10,"688223.SH,300308.SZ,688303.SH,601988.SH,002384.SZ,000002.SZ,601298.SH,600938.SH,300347.SZ,601229.SH",1.7462434515456624,1.162510823761923,1.5127289459456075
2025-01-24,2025-01-27,2025-02-11,0.013576699637197211,0.025852958272663047,-0.012276258635465836,10,"600519.SH,600600.SH,000596.SZ,688041.SH,000333.SZ,300442.SZ,301269.SZ,300347.SZ,688303.SH,600436.SH",1.7699516743807207,1.1925651675801592,1.4941582941598235
2025-02-10,2025-02-11,2025-02-18,0.052978205956935684,0.0012728981873320901,0.051705307769603595,10,"301236.SZ,300251.SZ,600050.SH,601728.SH,688506.SH,000625.SZ,000625.SZ,000596.SZ,300394.SZ,300979.SZ",1.8637205387198856,1.1940831816202473,1.5714142086158631
2025-02-17,2025-02-18,2025-02-25,0.017754562370691528,0.00861163984932574,0.009142922521365787,10,"300251.SZ,600570.SH,600845.SH,600845.SH,600588.SH,000876.SZ,600050.SH,601127.SH,300759.SZ,688111.SH",1.8968100812661268,1.2043661959304979,1.5857815269742113
2025-02-24,2025-02-25,2025-03-04,-0.052626418685761914,-0.007754657459929616,-0.0448717612258323,10,"300347.SZ,688047.SH,688271.SH,000876.SZ,600570.SH,688169.SH,300418.SZ,600050.SH,002230.SZ,002594.SZ",1.7969877597620416,1.1950267486247383,1.5146247169394889
2025-03-03,2025-03-04,2025-03-11,-0.0012061818777071114,0.015625417329790704,-0.016831599207497817,10,"300059.SZ,302132.SZ,300782.SZ,002463.SZ,300394.SZ,601698.SH,300502.SZ,301269.SZ,000002.SZ,300866.SZ",1.7948202656917551,1.2136995402922628,1.4891311607541937
2025-03-10,2025-03-11,2025-03-18,0.030579584714319166,0.014477145917709076,0.01610243879661009,10,"300979.SZ,603799.SH,688506.SH,300476.SZ,300014.SZ,000408.SZ,300442.SZ,600989.SH,601898.SH,603986.SH",1.8497051240534528,1.2312704456373302,1.513109804130363
2025-03-17,2025-03-18,2025-03-25,-0.02803370716474688,-0.02028941794728719,-0.007744289217459691,10,"600522.SH,300274.SZ,300502.SZ,688111.SH,300308.SZ,600926.SH,601088.SH,300476.SZ,601018.SH,300832.SZ",1.7978510322646066,1.206288684959652,1.5013918441894036
2025-03-24,2025-03-25,2025-04-01,0.002966564920942984,-0.008885788300974765,0.011852353221917748,10,"300502.SZ,300832.SZ,605499.SH,300628.SZ,300476.SZ,600436.SH,000063.SZ,000063.SZ,300418.SZ,603259.SH",1.8031844740700038,1.1955698590752393,1.5191868706512428
2025-03-31,2025-04-01,2025-04-09,-0.1165923649673544,-0.05422394651333375,-0.06236841845402064,10,"300502.SZ,603893.SH,688506.SH,300476.SZ,600362.SH,000975.SZ,605499.SH,600176.SH,300866.SZ,600674.SH",1.592946931765767,1.1307413429837896,1.424437588192612
2025-04-08,2025-04-09,2025-04-16,0.04448518011064012,0.022303163957199,0.02218201615344112,10,"000876.SZ,301269.SZ,688506.SH,600276.SH,300502.SZ,002475.SZ,300418.SZ,300308.SZ,300866.SZ,600415.SH",1.6638094629320586,1.1559604525495404,1.4560344857834693
2025-04-15,2025-04-16,2025-04-23,-0.00567644103572543,0.004482958106923936,-0.010159399142649368,10,"300661.SZ,300476.SZ,600809.SH,600600.SH,301269.SZ,688506.SH,688271.SH,600519.SH,002371.SZ,605499.SH",1.6543649466210428,1.1611425748315807,1.4412420502769328
2025-04-22,2025-04-23,2025-04-30,-0.008452756868433662,-0.006353408062904215,-0.002099348805529447,10,"300394.SZ,603296.SH,300502.SZ,688256.SH,300866.SZ,002384.SZ,301269.SZ,300979.SZ,002938.SZ,300308.SZ",1.640381001955596,1.1537653622344644,1.438216380500205
2025-04-29,2025-04-30,2025-05-12,0.0912154579498511,0.03270213995891502,0.05851331799093608,10,"300979.SZ,300394.SZ,002384.SZ,603296.SH,688169.SH,300442.SZ,300866.SZ,002475.SZ,300308.SZ,605499.SH",1.7900091062612113,1.1914959585900042,1.5223711929121866
2025-05-09,2025-05-12,2025-05-19,-0.02711472511140709,-0.006544781005315108,-0.020569944106091982,10,"302132.SZ,300413.SZ,300442.SZ,603296.SH,300347.SZ,300122.SZ,300866.SZ,300832.SZ,300033.SZ,300760.SZ",1.7414735013980231,1.1836978784723147,1.4910561025652582
2025-05-16,2025-05-19,2025-05-26,-0.017216700859963685,-0.004799035728505565,-0.01241766513145812,10,"300413.SZ,300442.SZ,601236.SH,300979.SZ,300122.SZ,002241.SZ,002304.SZ,300661.SZ,688506.SH,603369.SH",1.7114910730688997,1.1780172700617697,1.4725406671913857
2025-05-23,2025-05-26,2025-06-03,-0.01483435309646679,0.0022884955658169968,-0.017122848662283786,10,"300418.SZ,300122.SZ,603893.SH,300442.SZ,300476.SZ,600023.SH,300413.SZ,603369.SH,000661.SZ,001391.SZ",1.6861022101695449,1.1807131573607619,1.4473265761980092
2025-05-30,2025-06-03,2025-06-10,0.013647028202852398,0.009585853358316096,0.004061174844536303,10,"688256.SH,300661.SZ,600015.SH,603392.SH,300502.SZ,688041.SH,601288.SH,601066.SH,302132.SZ,688012.SH",1.7091124945846206,1.1920313005454566,1.4532044224810934
2025-06-09,2025-06-10,2025-06-17,-0.028707237244507786,0.0036488042650984513,-0.032356041509606234,10,"688256.SH,600809.SH,601689.SH,688981.SH,688111.SH,000568.SZ,000568.SZ,300782.SZ,603893.SH,600519.SH",1.6600485967250274,1.1963807894390177,1.4061844798653518
2025-06-16,2025-06-17,2025-06-24,0.009308330393766774,0.004464392187529064,0.004843938206237711,10,"000596.SZ,300502.SZ,300251.SZ,300308.SZ,002463.SZ,301236.SZ,603369.SH,603296.SH,605117.SH,600415.SH",1.675500877533053,1.2017219024886991,1.4129959505923901
2025-06-23,2025-06-24,2025-07-01,0.06328547127058695,0.01789950076187685,0.0453859705087101,10,"300502.SZ,300308.SZ,300476.SZ,605117.SH,688256.SH,002463.SZ,002384.SZ,688169.SH,600415.SH,000596.SZ",1.7815357401820144,1.2232321245978597,1.4771261431349032
2025-06-30,2025-07-01,2025-07-08,0.03577818236610293,0.01659254646925148,0.01918563589685145,10,"300476.SZ,300502.SZ,300394.SZ,300308.SZ,002384.SZ,002463.SZ,302132.SZ,601689.SH,600760.SH,000568.SZ",1.8452758507859768,1.243528660467931,1.50546574749081
2025-07-07,2025-07-08,2025-07-15,0.061533352293628635,0.007628231935785107,0.053905120357843526,10,"002027.SZ,688256.SH,688169.SH,002648.SZ,002384.SZ,300308.SZ,300502.SZ,601100.SH,300782.SZ,002625.SZ",1.9588218597913154,1.2530145855087766,1.586618059803913
2025-07-14,2025-07-15,2025-07-22,0.027975603333199074,0.03560763396426202,-0.007632030631062943,10,"300476.SZ,002384.SZ,300308.SZ,002463.SZ,300394.SZ,300502.SZ,002916.SZ,688506.SH,300803.SZ,002938.SZ",2.0136210831412367,1.2976314702214546,1.5745089421716918
2025-07-21,2025-07-22,2025-07-29,0.09274861951677164,0.011811699110822022,0.08093692040594962,10,"300394.SZ,002938.SZ,600111.SH,002384.SZ,600010.SH,002463.SZ,300476.SZ,600183.SH,601186.SH,601390.SH",2.200381658832453,1.312958702704444,1.7019448471026979
2025-07-28,2025-07-29,2025-08-05,-0.021453280796325636,-0.012600102756566518,-0.008853178039759118,10,"300308.SZ,300502.SZ,300394.SZ,002384.SZ,002938.SZ,300803.SZ,002463.SZ,300476.SZ,601138.SH,600183.SH",2.1531762532464356,1.2964152881352398,1.686877226357447
2025-08-04,2025-08-05,2025-08-12,0.048958838703431415,0.012659084324023018,0.0362997543794084,10,"002384.SZ,300476.SZ,688303.SH,688256.SH,002938.SZ,300760.SZ,302132.SZ,000661.SZ,600938.SH,601211.SH",2.2585932621291867,1.3128267185866964,1.74811045534244
2025-08-11,2025-08-12,2025-08-19,0.12289752275149035,0.01985981375201681,0.10303770899947354,10,"600111.SH,601138.SH,300394.SZ,300308.SZ,300476.SZ,002938.SZ,002384.SZ,300502.SZ,600183.SH,688256.SH",2.5361687789480714,1.3388992127064996,1.9282317517389518
2025-08-18,2025-08-19,2025-08-26,0.10426294899233417,0.05602785962549223,0.04823508936684194,10,"300308.SZ,300476.SZ,300502.SZ,600111.SH,601138.SH,300394.SZ,300803.SZ,688256.SH,688169.SH,300347.SZ",2.8005972149834846,1.4139148698487014,2.0212401826040622
2025-08-25,2025-08-26,2025-09-02,0.15094083385486512,-0.0028832797942740665,0.1538241136491392,10,"688256.SH,300502.SZ,300308.SZ,300803.SZ,002384.SZ,300476.SZ,601138.SH,002938.SZ,300394.SZ,600111.SH",3.2233216939047042,1.409838157673643,2.3321556621651562
2025-09-01,2025-09-02,2025-09-09,-0.026995265602533444,-0.007510521085447185,-0.01948474451708626,10,"300803.SZ,688256.SH,300476.SZ,300394.SZ,601138.SH,002384.SZ,300866.SZ,688303.SH,002463.SZ,300274.SZ",3.136307268655339,1.3992495384633672,2.286714204913792
2025-09-08,2025-09-09,2025-09-16,0.025078936166580634,0.016316284424989638,0.008762651741590997,10,"302132.SZ,002938.SZ,600233.SH,300759.SZ,688169.SH,300347.SZ,603993.SH,002422.SZ,300418.SZ,600089.SH",3.214962518444729,1.422080091914471,2.306751885124001
2025-09-15,2025-09-16,2025-09-23,0.03338320666236809,-0.007705570702207943,0.04108877736457603,10,"300308.SZ,300476.SZ,601138.SH,002384.SZ,688256.SH,300394.SZ,688041.SH,300502.SZ,002916.SZ,300274.SZ",3.3222882766097364,1.4111221532220217,2.401533499767177
2025-09-22,2025-09-23,2025-09-30,-0.024729332843736428,0.030608703329944968,-0.055338036173681396,10,"300502.SZ,300308.SZ,688256.SH,300476.SZ,601138.SH,688041.SH,688506.SH,300394.SZ,300033.SZ,688169.SH",3.2401303040146106,1.4543147725723076,2.2686373520847534
2025-09-29,2025-09-30,2025-10-15,-0.07654615530732627,0.0037696917767809784,-0.08031584708410724,10,"603986.SH,603893.SH,603799.SH,300316.SZ,300014.SZ,601689.SH,688126.SH,603019.SH,002475.SZ,605117.SH",2.992110786547534,1.4597970910113243,2.0864298214254204
2025-10-14,2025-10-15,2025-10-22,-0.020665619807228384,-0.012863698737742487,-0.007801921069485898,10,"600111.SH,688303.SH,603259.SH,601872.SH,600875.SH,002938.SZ,000617.SZ,002384.SZ,002241.SZ,300413.SZ",2.930276962611636,1.4410187010143216,2.070151660641638
2025-10-21,2025-10-22,2025-10-29,0.13218625921124033,0.03059365401782953,0.1015926051934108,10,"688256.SH,300502.SZ,688041.SH,300308.SZ,300476.SZ,300394.SZ,002916.SZ,300274.SZ,601138.SH,688082.SH",3.317619312752144,1.4851047285863759,2.2804637609916876
2025-10-28,2025-10-29,2025-11-05,-0.06861208198389585,-0.017191389979736457,-0.051420692004159385,10,"300014.SZ,688041.SH,002916.SZ,300502.SZ,000063.SZ,000063.SZ,688256.SH,603019.SH,688981.SH,002709.SZ",3.089990544474238,1.4595737140364968,2.163200736311087
2025-11-04,2025-11-05,2025-11-12,-0.033532966005455044,0.007101009361115206,-0.04063397536657025,10,"002709.SZ,300502.SZ,688256.SH,300014.SZ,300308.SZ,300274.SZ,603986.SH,600183.SH,601138.SH,300476.SZ",2.9863739965892058,1.4699381606431077,2.0753012908788757
2025-11-11,2025-11-12,2025-11-19,-0.026935463512238897,-0.0143145827111481,-0.012620880801090797,10,"300274.SZ,300308.SZ,601138.SH,002709.SZ,002028.SZ,600089.SH,688256.SH,603986.SH,300014.SZ,600183.SH",2.9059346287701784,1.448896609262309,2.0491091606603438
2025-11-18,2025-11-19,2025-11-26,-0.041223896611333,-0.018365293870557253,-0.02285860274077575,10,"688472.SH,002028.SZ,600089.SH,300274.SZ,002709.SZ,300476.SZ,300502.SZ,688223.SH,002460.SZ,002384.SZ",2.7861406800744644,1.4222871972451527,2.0022693883843243
2025-11-25,2025-11-26,2025-12-03,0.007205626266854793,0.004400330384999667,0.0028052958818551264,10,"688472.SH,300502.SZ,601138.SH,300476.SZ,603986.SH,300014.SZ,002466.SZ,002384.SZ,600089.SH,300394.SZ",2.8062165685419616,1.4285457308153868,2.0078863464539234
2025-12-02,2025-12-03,2025-12-10,0.08115355928703782,0.005867107733204736,0.0752864515538331,10,"601138.SH,688472.SH,300476.SZ,300394.SZ,603260.SH,002709.SZ,000408.SZ,300316.SZ,300502.SZ,002460.SZ",3.0339510312093996,1.4369271625198903,2.15905298460183
2025-12-09,2025-12-10,2025-12-17,-0.008121882172361414,-0.0016772415829050399,-0.006444640589456374,10,"300502.SZ,601138.SH,002625.SZ,300014.SZ,600438.SH,000408.SZ,688472.SH,002459.SZ,601012.SH,603893.SH",3.0093096384172022,1.434517088531306,2.145138664102478
2025-12-16,2025-12-17,2025-12-24,0.025234334903132795,0.011379868193530604,0.01385446670960219,10,"300274.SZ,601138.SH,300394.SZ,688472.SH,300476.SZ,300502.SZ,000408.SZ,300750.SZ,002384.SZ,300308.SZ",3.0852475656602474,1.4508417039201598,2.1748584163117664
2025-12-23,2025-12-24,2025-12-31,-0.0183242059981392,0.0027982370140989844,-0.021122443012238184,10,"688472.SH,600515.SH,002709.SZ,300502.SZ,300308.SZ,002384.SZ,002916.SZ,601100.SH,300394.SZ,601138.SH",3.0287128537118315,1.4549015028776677,2.1289200933535346
