month,stock_code,stock_name,industry,rank,score,pb,pe_ttm,roe_ttm,market_cap,volatility_20,excess_month,stock_return,stock_excess
2025-04,601916.SH,浙商银行,银行,1,0.9167298817362692,0.46,5.3,2.9694,0.080471,0.004942008225904936,-0.0018549059449983,0.018024513338139814,0.015866871688069713
2025-04,601668.SH,中国建筑,建筑装饰,2,0.8992175949597517,0.49,4.33,3.1963,0.21775799999999998,0.01071428377612856,-0.0018549059449983,0.052015604681404426,0.04985796303133433
2025-04,601658.SH,邮储银行,银行,3,0.8852784602439298,0.62,5.92,2.4947,0.511671,0.010364232256468155,-0.0018549059449983,0.015010867136560302,0.012853225486490202
2025-04,601288.SH,农业银行,银行,4,0.8833444438036041,0.69,6.36,2.3099,1.7954130000000001,0.009035320071645163,-0.0018549059449983,0.05117707267144311,0.04901943102137302
2025-04,002958.SZ,青农商行,银行,5,0.8866251776660431,0.49,6.34,2.8835,0.017278,0.007652752473380867,-0.0018549059449983,-0.0033444816053512794,-0.00550212325542138
2025-04,600219.SH,南山铝业,有色金属,6,0.8846546782408293,0.89,9.23,3.3346,0.044596,0.012691336489821613,-0.0018549059449983,-0.046355313477807414,-0.04851295512787751
2025-04,600018.SH,上港集团,交通运输,7,0.8766693760906231,1.01,8.97,2.8857,0.134101,0.008240402310816738,-0.0018549059449983,-0.05211141060197666,-0.05426905225204676
2025-04,601818.SH,光大银行,银行,8,0.8841405804024047,0.46,5.3,2.1232,0.22098,0.01132936926722993,-0.0018549059449983,0.008450704225352101,0.006293062575282001
2025-04,002948.SZ,青岛银行,银行,9,0.8804608350182986,0.65,5.68,2.8322,0.024213,0.010112735967578767,-0.0018549059449983,0.09000000000000008,0.08784235834992998
2025-04,601857.SH,中国石油,石油石化,10,0.8629310291772437,1.0,9.17,3.0394,1.509923,0.007934370277458327,-0.0018549059449983,-0.037275064267352165,-0.03943270591742226
2025-04,600998.SH,九州通,医药生物,11,0.866541669757347,1.05,12.62,3.4967,0.025817000000000003,0.009356699137918319,-0.0018549059449983,0.028455284552845406,0.026297642902775305
2025-04,600795.SH,国电电力,公用事业,12,0.8605260878976398,1.43,8.94,3.1782,0.082044,0.01199998282836079,-0.0018549059449983,-0.0227790432801821,-0.0249366849302522
2025-04,600901.SH,江苏金租,非银金融,13,0.858015561144672,1.31,10.75,3.1479,0.030583999999999997,0.00949246131032144,-0.0018549059449983,0.02254098360655754,0.02038334195648744
2025-04,600582.SH,天地科技,机械设备,14,0.8529436402020885,1.09,10.17,5.7107,0.026652999999999996,0.013692176806279247,-0.0018549059449983,-0.03593009962436722,-0.038087741274437314
2025-04,601919.SH,中远海控,交通运输,15,0.8420639577583248,0.99,4.72,4.8849,0.231923,0.010700014999307575,-0.0018549059449983,0.0023183925811438577,0.0001607509310737579
2025-04,601669.SH,中国电建,建筑装饰,16,0.8570323157772932,0.61,6.73,1.5886,0.082858,0.009674951316181029,-0.0018549059449983,-0.014968717302641266,-0.017126358952711366
2025-04,601868.SH,中国能建,建筑装饰,17,0.8596669961787443,0.89,11.37,1.3798,0.095473,0.00733982017024282,-0.0018549059449983,-0.030921459492888048,-0.033079101142958145
2025-04,601319.SH,中国人保,非银金融,18,0.8420722586853151,1.14,7.13,4.6887,0.305588,0.016250213694724753,-0.0018549059449983,0.05209883894016065,0.049941197290090555
2025-04,600704.SH,物产中大,交通运输,19,0.850771305766814,0.73,8.34,2.3011,0.026846,0.012534962438287188,-0.0018549059449983,0.010288065843621297,0.008130424193551197
2025-04,601117.SH,中国化学,建筑装饰,20,0.8452584925697924,0.73,8.0,2.2917,0.044349,0.010939278353433389,-0.0018549059449983,0.03011184399197009,0.02795420234189999
2025-04,601326.SH,秦港股份,交通运输,21,0.8513887231259948,0.97,12.03,2.1548,0.01883,0.008188975866497047,-0.0018549059449983,-0.0547945205479452,-0.0569521621980153
2025-04,600905.SH,三峡能源,公用事业,22,0.8480640066928121,1.44,18.0,2.7813,0.12305999999999999,0.006972096433244938,-0.0018549059449983,0.0,-0.0021576416500701
2025-04,600578.SH,京能电力,公用事业,23,0.8488099778840597,1.15,16.95,3.7093,0.024837,0.013109026059079912,-0.0018549059449983,0.1253481894150419,0.12319054776497179
2025-04,600863.SH,华能蒙电,公用事业,24,0.8422430281179539,1.59,11.57,4.0597,0.026499,0.013237501886108014,-0.0018549059449983,-0.01302083333333326,-0.01517847498340336
2025-04,600064.SH,南京高科,房地产,25,0.8352397804590314,0.67,7.33,3.6337,0.012666,0.011940340059966645,-0.0018549059449983,-0.008547008547008517,-0.010704650197078617
2025-04,600028.SH,中国石化,石油石化,26,0.8411045199075966,0.85,13.81,1.6032,0.694943,0.008294745082256595,-0.0018549059449983,-0.016357688113413316,-0.018515329763483416
2025-04,601598.SH,中国外运,交通运输,27,0.8410724878730219,0.95,9.63,1.6203,0.037711,0.008393236062588768,-0.0018549059449983,-0.09221311475409844,-0.09437075640416853
2025-04,600269.SH,赣粤高速,交通运输,28,0.8389863437307176,0.65,9.44,2.2671,0.012074,0.006910089709911592,-0.0018549059449983,-0.010000000000000009,-0.01215764165007011
2025-04,601390.SH,中国中铁,建筑装饰,29,0.8404478683460306,0.45,4.93,1.6769,0.13756500000000002,0.013905462540159494,-0.0018549059449983,0.0,-0.0021576416500701
2025-04,002608.SZ,江苏国信,公用事业,30,0.8335994237946639,0.93,9.18,2.6251,0.02962,0.011028418124689372,-0.0018549059449983,-0.05813953488372092,-0.06029717653379102
2025-05,601916.SH,浙商银行,银行,1,0.9145822139753842,0.46,5.38,2.9694,0.081845,0.012870665952166408,0.0604649969230126,0.10623229461756378,0.12931804780534098
2025-05,601668.SH,中国建筑,建筑装饰,2,0.9004023665447103,0.49,4.94,3.1963,0.228502,0.01755182025698265,0.0604649969230126,0.030426927831130657,0.053512681018907854
2025-05,601658.SH,邮储银行,银行,3,0.8890316476335642,0.6,5.92,2.4947,0.5077050000000001,0.012126039857813157,0.0604649969230126,0.05803482089253542,0.08112057408031262
2025-05,601818.SH,光大银行,银行,4,0.8888043441842738,0.46,5.34,2.1232,0.222753,0.02007150564996206,0.0604649969230126,0.07262569832402233,0.09571145151179952
2025-05,600018.SH,上港集团,交通运输,5,0.8805950712433652,0.93,8.4,2.8857,0.127349,0.017179954315723535,0.0604649969230126,0.06824644549763015,0.09133219868540735
2025-05,600016.SH,民生银行,银行,6,0.8850705902898859,0.31,5.5,1.9678,0.173816,0.015445579519533355,0.0604649969230126,0.13520678685047738,0.15829254003825458
2025-05,601288.SH,农业银行,银行,7,0.8800013619184709,0.71,6.64,2.3099,1.882909,0.016752177674298263,0.0604649969230126,0.03700097370983446,0.06008672689761166
2025-05,002958.SZ,青农商行,银行,8,0.8828302554314537,0.48,5.85,2.8835,0.017222,0.021143180144292683,0.0604649969230126,0.13758389261744974,0.16066964580522694
2025-05,601319.SH,中国人保,非银金融,9,0.8672200648367835,1.15,6.87,4.6887,0.32106599999999996,0.02486654993511112,0.0604649969230126,0.1499717034521788,0.173057456639956
2025-05,600795.SH,国电电力,公用事业,10,0.8714407970880285,1.39,8.14,3.1782,0.08026,0.01658634251688183,0.0604649969230126,0.01631701631701632,0.03940276950479352
2025-05,600582.SH,天地科技,机械设备,11,0.8638051640544722,0.99,7.65,5.7107,0.025742,0.02648002156048208,0.0604649969230126,0.0028798915805523517,0.025965644768329552
2025-05,600863.SH,华能蒙电,公用事业,12,0.8591345967811658,1.52,12.0,4.0597,0.026173000000000002,0.01568208393352885,0.0604649969230126,0.01319261213720302,0.036278365324980216
2025-05,601390.SH,中国中铁,建筑装饰,13,0.8592986750192095,0.44,5.2,1.6769,0.13756500000000002,0.01879475846487954,0.0604649969230126,0.01132075471698113,0.03440650790475833
2025-05,600901.SH,江苏金租,非银金融,14,0.8546750810782793,1.25,10.4,3.1479,0.031221,0.02236933724230572,0.0604649969230126,0.11222444889779548,0.13531020208557268
2025-05,601669.SH,中国电建,建筑装饰,15,0.8554341549304991,0.58,7.04,1.5886,0.081652,0.021138429805265844,0.0604649969230126,-0.00214610882289179,0.02093964436488541
2025-05,600027.SH,华电国际,公用事业,16,0.8473011299060776,1.34,10.3,2.8887,0.059422,0.022557947159297983,0.0604649969230126,0.008944543828264706,0.0320302970160419
2025-05,600219.SH,南山铝业,有色金属,17,0.8500886524289184,0.82,7.52,3.3346,0.042738,0.033197601455077434,0.0604649969230126,0.04557054320087506,0.06865629638865225
2025-05,601868.SH,中国能建,建筑装饰,18,0.8581118697353562,0.85,10.85,1.3798,0.092554,0.018020674735929363,0.0604649969230126,0.0,0.0230857531877772
2025-05,601117.SH,中国化学,建筑装饰,19,0.841335420499434,0.72,7.71,2.2917,0.045632,0.0246751974593615,0.0604649969230126,0.029231625835189234,0.05231737902296643
2025-05,601918.SH,新集能源,煤炭,20,0.8370256861551201,1.08,7.51,3.3567,0.017486,0.024709125152713254,0.0604649969230126,-0.010703363914373099,0.012382389273404102
2025-05,600282.SH,南钢股份,钢铁,21,0.8458271808880807,1.01,11.82,2.1978,0.027002999999999996,0.023057291434095573,0.0604649969230126,-0.032324489991380045,-0.009238736803602845
2025-05,601857.SH,中国石油,石油石化,22,0.836688205861389,0.93,8.79,3.0394,1.456847,0.028978652016220147,0.0604649969230126,0.045393858477970506,0.0684796116657477
2025-05,601898.SH,中煤能源,煤炭,23,0.8352649383431041,0.85,7.26,2.5845,0.133117,0.023538477335079674,0.0604649969230126,0.03223793677204667,0.05532368995982387
2025-05,000630.SZ,铜陵有色,有色金属,24,0.8481476117913297,1.19,14.46,3.2836,0.041069,0.028889751884357537,0.0604649969230126,-0.009803921568627527,0.013281831619149673
2025-05,000027.SZ,深圳能源,公用事业,25,0.8394450429781352,0.95,13.78,2.7425,0.031018,0.022782845450516533,0.0604649969230126,-0.0219780219780219,0.0011077312097553006
2025-05,600905.SH,三峡能源,公用事业,26,0.8429283798171578,1.38,20.05,2.7813,0.12305999999999999,0.013593518047483056,0.0604649969230126,-0.0070871722182846986,0.015998580969492502
2025-05,601991.SH,大唐发电,公用事业,27,0.8390448732591103,1.83,10.91,2.851,0.059036,0.023913884206907425,0.0604649969230126,0.009762764814995606,0.0328485180027728
2025-05,600064.SH,南京高科,房地产,28,0.8307397416565183,0.65,6.64,3.6337,0.012562,0.026651539508573397,0.0604649969230126,0.04885057471264376,0.07193632790042095
2025-05,601600.SH,中国铝业,有色金属,29,0.8280934029255321,1.54,8.12,4.968,0.11134000000000001,0.02974172530278922,0.0604649969230126,0.030487804878048808,0.053573558065826005
2025-05,601975.SH,招商南油,交通运输,30,0.8395611496189631,1.18,8.51,2.5953,0.013061000000000001,0.024876989913210242,0.0604649969230126,0.003676470588235281,0.02676222377601248
2025-06,601668.SH,中国建筑,建筑装饰,1,0.897476654549157,0.5,5.08,3.1963,0.23511300000000002,0.008146805473414868,-0.004663454594943,0.012918704438497741,-0.017314448064349158
2025-06,601916.SH,浙商银行,银行,2,0.9031230775174016,0.51,5.92,2.9694,0.090084,0.009683850637203133,-0.004663454594943,0.11395646606914211,0.08372331356629521
2025-06,600219.SH,南山铝业,有色金属,3,0.8929580772527866,0.84,7.64,3.3346,0.043435,0.00983901417485174,-0.004663454594943,0.03486750348675027,0.004634350983903374
2025-06,600582.SH,天地科技,机械设备,4,0.8829233352549112,0.95,7.28,5.7107,0.0245,0.006935013729636043,-0.004663454594943,0.016891891891891886,-0.013341260610955013
2025-06,601658.SH,邮储银行,银行,5,0.8826588118694295,0.64,6.25,2.4947,0.536461,0.008183631264395015,-0.004663454594943,0.020805749952714336,-0.009427402550132562
2025-06,601288.SH,农业银行,银行,6,0.873860121163274,0.74,6.87,2.3099,1.9494049999999998,0.008847943554920126,-0.004663454594943,0.07323943661971821,0.04300628411687131
2025-06,601818.SH,光大银行,银行,7,0.8770543450966182,0.49,5.71,2.1232,0.23811500000000002,0.010461706718775153,-0.004663454594943,0.04427083333333326,0.01403768083048636
2025-06,600018.SH,上港集团,交通运输,8,0.8656095410114234,0.99,8.95,2.8857,0.13573,0.010236345726630998,-0.004663454594943,-0.015971606033717833,-0.046204758536564736
2025-06,601988.SH,中国银行,银行,9,0.8650352765164504,0.67,6.88,1.9269,1.6250209999999998,0.008109723070384246,-0.004663454594943,0.024026910139356206,-0.006206242363490693
2025-06,600016.SH,民生银行,银行,10,0.868258762782062,0.35,6.21,1.9678,0.196145,0.01063214935209863,-0.004663454594943,0.08640822045773011,0.05617506795488321
2025-06,601390.SH,中国中铁,建筑装饰,11,0.8614359795976085,0.45,5.26,1.6769,0.139049,0.006919753479789666,-0.004663454594943,-0.007462686567164201,-0.0376958390700111
2025-06,600863.SH,华能蒙电,公用事业,12,0.8610734127487395,1.54,12.15,4.0597,0.026499,0.006265567109383874,-0.004663454594943,0.02604166666666674,-0.004191485836180158
2025-06,601857.SH,中国石油,石油石化,13,0.8538793416862913,0.97,9.16,3.0394,1.519074,0.010071484203066786,-0.004663454594943,0.07535121328224781,0.045118060779400906
2025-06,600795.SH,国电电力,公用事业,14,0.8577581205745255,1.41,8.27,3.1782,0.081509,0.011046080301802147,-0.004663454594943,0.09633027522935778,0.06609712272651087
2025-06,601669.SH,中国电建,建筑装饰,15,0.8598747963101988,0.58,7.02,1.5886,0.08148,0.007254746957615478,-0.004663454594943,0.028220112532858055,-0.002013039969988844
2025-06,000630.SZ,铜陵有色,有色金属,16,0.8628589383767673,1.17,14.32,3.2836,0.040685,0.011562763047945925,-0.004663454594943,0.10561056105610578,0.07537740855325888
2025-06,600998.SH,九州通,医药生物,17,0.8521509080038242,1.01,9.11,3.4967,0.026775999999999998,0.012406817722738404,-0.004663454594943,0.001956947162426559,-0.02827620534042034
2025-06,601868.SH,中国能建,建筑装饰,18,0.8615837745781464,0.85,10.85,1.3798,0.092554,0.004878554841076466,-0.004663454594943,0.0,-0.0302331525028469
2025-06,600064.SH,南京高科,房地产,19,0.8458352964809274,0.68,6.95,3.6337,0.013151,0.007717085422753534,-0.004663454594943,0.015068493150685036,-0.015164659352161863
2025-06,600027.SH,华电国际,公用事业,20,0.8449773623793978,1.35,10.39,2.8887,0.059934,0.010058319098091559,-0.004663454594943,-0.06205673758865238,-0.09228989009149928
2025-06,600905.SH,三峡能源,公用事业,21,0.8479724228727589,1.37,19.91,2.7813,0.122202,0.005250897785532682,-0.004663454594943,0.0,-0.0302331525028469
2025-06,600282.SH,南钢股份,钢铁,22,0.8465511536887896,0.96,11.22,2.1978,0.025647000000000003,0.009981011862608382,-0.004663454594943,0.03216707081704362,0.0019339183141967205
2025-06,000027.SZ,深圳能源,公用事业,23,0.8413370448399572,0.93,13.48,2.7425,0.030351999999999997,0.00964147676318396,-0.004663454594943,0.03049759229534499,0.0002644397924980897
2025-06,600704.SH,物产中大,交通运输,24,0.8434755150930655,0.65,8.33,2.3011,0.026949,0.012274577953943724,-0.004663454594943,0.024590163934426146,-0.005642988568420753
2025-06,601918.SH,新集能源,煤炭,25,0.8355448745543702,1.07,7.44,3.3567,0.017305,0.010690203742343788,-0.004663454594943,-0.03554868624420393,-0.06578183874705083
2025-06,601186.SH,中国铁建,建筑装饰,26,0.8353375963403481,0.4,5.05,1.5539,0.107822,0.007135029000817698,-0.004663454594943,0.005235602094240788,-0.02499755040860611
2025-06,000875.SZ,电投绿能,公用事业,27,0.8400763764980499,1.07,16.96,3.6473,0.018716999999999998,0.009795559779144085,-0.004663454594943,-0.00274348422496562,-0.03297663672781252
2025-06,601800.SH,中国交建,建筑装饰,28,0.833296955816249,0.5,6.34,1.7273,0.144066,0.0075450049652126885,-0.004663454594943,0.0013534641682029225,-0.028879688334643976
2025-06,600583.SH,海油工程,石油石化,29,0.838035681942019,0.86,10.34,2.0379,0.023035,0.008984171155760135,-0.004663454594943,0.04606525911708248,0.01583210661423558
2025-06,600035.SH,楚天高速,交通运输,30,0.8301980552001155,0.83,9.64,3.1552,0.007358,0.007947974430900406,-0.004663454594943,-0.025000000000000022,-0.055233152502846924
2025-07,601668.SH,中国建筑,建筑装饰,1,0.8998296148980172,0.51,5.14,6.4329,0.23800500000000002,0.007300176397398761,-0.0281202123342017,0.02760317026509962,-0.03318091950790158
2025-07,600018.SH,上港集团,交通运输,2,0.8789371600220858,0.97,8.81,5.9571,0.133635,0.00799964012660456,-0.0281202123342017,0.006311992786294018,-0.05447209698670718
2025-07,600582.SH,天地科技,机械设备,3,0.8748920098077898,0.96,7.4,8.3763,0.024914,0.007718973696518403,-0.0281202123342017,0.038205980066445155,-0.022578109706556042
2025-07,600219.SH,南山铝业,有色金属,4,0.8748461071363219,0.86,7.89,5.1462,0.044829,0.010413472595240666,-0.0281202123342017,0.019654088050314655,-0.04113000172268654
2025-07,600023.SH,浙能电力,公用事业,5,0.8701856774802533,0.96,10.21,4.7763,0.071603,0.005506320335578866,-0.0281202123342017,0.030000000000000027,-0.03078408977300117
2025-07,601598.SH,中国外运,交通运输,6,0.8672295923567394,0.9,9.58,4.8836,0.036032999999999996,0.007929688358952068,-0.0281202123342017,0.11290322580645151,0.052119136033450315
2025-07,002608.SZ,江苏国信,公用事业,7,0.8572816590169595,0.85,8.38,6.1022,0.027844,0.006747624069838076,-0.0281202123342017,0.023383768913342706,-0.03740032085965849
2025-07,601818.SH,光大银行,银行,8,0.8600801806066479,0.52,5.95,4.1653,0.24815900000000002,0.0124777654246776,-0.0281202123342017,-0.016209476309226867,-0.07699356608222807
2025-07,601658.SH,邮储银行,银行,9,0.8556909348200384,0.79,7.73,4.5407,0.662925,0.011614180682910211,-0.0281202123342017,0.025940337224383825,-0.03484375254861737
2025-07,600282.SH,南钢股份,钢铁,10,0.8587445454260212,0.99,11.57,5.5251,0.026448000000000003,0.009824384996260762,-0.0281202123342017,0.05274008726087165,-0.008044002512129549
2025-07,601288.SH,农业银行,银行,11,0.8547161463892623,0.79,7.35,4.4758,2.085899,0.011339638895633613,-0.0281202123342017,0.08670166229221343,0.025917572519212236
2025-07,600704.SH,物产中大,交通运输,12,0.8559901835420685,0.67,8.52,4.8131,0.027568000000000002,0.010155337339149969,-0.0281202123342017,0.06600000000000006,0.005215910226998861
2025-07,601390.SH,中国中铁,建筑装饰,13,0.8549975793549298,0.44,5.22,3.2785,0.13805499999999998,0.00829761702508664,-0.0281202123342017,0.05037593984962396,-0.010408149923377234
2025-07,600064.SH,南京高科,房地产,14,0.8440006618562592,0.69,7.05,7.3352,0.013341,0.008396433646465378,-0.0281202123342017,0.018893387314439902,-0.041890702458561295
2025-07,600863.SH,华能蒙电,公用事业,15,0.8513099127521919,1.57,12.45,8.6478,0.027152,0.010417073480726822,-0.0281202123342017,0.025380710659898442,-0.035403379113102755
2025-07,000543.SZ,皖能电力,公用事业,16,0.8441650618006219,0.99,7.77,6.7729,0.015959,0.007565766256548775,-0.0281202123342017,0.008522727272727293,-0.052261362500273904
2025-07,601600.SH,中国铝业,有色金属,17,0.8417285095162303,1.68,8.86,9.9703,0.12146199999999999,0.011040741094465227,-0.0281202123342017,0.04544121958369973,-0.015342870189301465
2025-07,601326.SH,秦港股份,交通运输,18,0.8544365362251368,0.92,11.7,5.0356,0.018159,0.009649797733080986,-0.0281202123342017,0.02369668246445511,-0.03708740730854609
2025-07,600998.SH,九州通,医药生物,19,0.8484016322456395,0.98,8.78,5.2553,0.025817000000000003,0.010518079921265747,-0.0281202123342017,0.0703125,0.009528410226998803
2025-07,601857.SH,中国石油,石油石化,20,0.8404185641231067,1.01,9.54,5.4696,1.581301,0.01055123031373159,-0.0281202123342017,-0.015439429928741144,-0.07622351970174235
2025-07,601918.SH,新集能源,煤炭,21,0.8415875179258553,1.04,7.18,5.7553,0.016709,0.008271876562273893,-0.0281202123342017,0.0,-0.0607840897730012
2025-07,601988.SH,中国银行,银行,22,0.8440587973560115,0.75,7.71,4.0522,1.8205,0.012210882775903058,-0.0281202123342017,-0.01804858679565402,-0.07883267656865522
2025-07,601398.SH,工商银行,银行,23,0.8416736129305654,0.74,7.53,4.1586,2.7300720000000003,0.010258792657851084,-0.0281202123342017,0.01694316018493347,-0.04384092958806773
2025-07,600908.SH,无锡银行,银行,24,0.8393414978122643,0.65,6.2,5.7837,0.01409,0.010599158520863829,-0.0281202123342017,-0.026272577996716007,-0.08705666776971721
2025-07,601919.SH,中远海控,交通运输,25,0.8294021171500391,0.97,4.37,7.5144,0.236064,0.009400150974513004,-0.0281202123342017,0.017711171662125436,-0.04307291811087576
2025-07,600795.SH,国电电力,公用事业,26,0.8393049186870802,1.54,9.03,6.466,0.089,0.012790137461444234,-0.0281202123342017,-0.06903765690376573,-0.12982174667676694
2025-07,601868.SH,中国能建,建筑装饰,27,0.8502933832587906,0.85,10.85,2.3947,0.092554,0.0051000615996574265,-0.0281202123342017,0.15954052329291635,0.09875643351991514
2025-07,000683.SZ,博源化工,基础化工,28,0.8399571693906668,1.19,11.22,5.1731,0.017738,0.007751735857353713,-0.0281202123342017,0.20335429769392044,0.14257020792091923
2025-07,601298.SH,青岛港,交通运输,29,0.8338908338846632,1.29,10.68,6.5701,0.056797,0.009767907643610008,-0.0281202123342017,-0.007140561962226233,-0.06792465173522744
2025-07,600642.SH,申能股份,公用事业,30,0.8341506115456957,1.15,11.11,5.4179,0.042187,0.007730811301970688,-0.0281202123342017,0.00244798041615657,-0.05833610935684463
2025-08,601668.SH,中国建筑,建筑装饰,1,0.8877025310079417,0.5,5.04,6.4329,0.23304699999999998,0.010121492639420358,-0.2989742268383939,-0.014184397163120588,-0.3209589768443128
2025-08,600018.SH,上港集团,交通运输,2,0.8820036718250294,0.95,8.64,5.9571,0.131074,0.00855026735573174,-0.2989742268383939,-0.007168458781361964,-0.31394303846255417
2025-08,601818.SH,光大银行,银行,3,0.879333042799879,0.5,5.73,4.1653,0.239296,0.00934378941259725,-0.2989742268383939,-0.08618504435994923,-0.39295962404114143
2025-08,600795.SH,国电电力,公用事业,4,0.867741709317397,1.4,8.23,6.466,0.081152,0.009918173272866005,-0.2989742268383939,0.08089887640449422,-0.22587570327669798
2025-08,601658.SH,邮储银行,银行,5,0.8641331877036945,0.81,7.92,4.5407,0.6797380000000001,0.009901982944407691,-0.2989742268383939,0.07765938233700553,-0.22911519734418667
2025-08,601825.SH,沪农商行,银行,6,0.8584172648741283,0.7,7.11,5.5955,0.087475,0.008196640177741618,-0.2989742268383939,-0.036244195265602075,-0.3430187749467943
2025-08,601988.SH,中国银行,银行,7,0.8640072862609386,0.73,7.57,4.0522,1.7882790000000002,0.0091798704662456,-0.2989742268383939,-0.005514097709811483,-0.3122886773910037
2025-08,002948.SZ,青岛银行,银行,8,0.8591669936409584,0.73,5.97,6.8096,0.027995999999999997,0.012055387718836996,-0.2989742268383939,0.027027027027027195,-0.279747552654165
2025-08,601872.SH,招商轮船,交通运输,9,0.8564856369926489,1.2,10.63,5.2781,0.048851,0.008042748363933344,-0.2989742268383939,0.10033444816053505,-0.20644013152065716
2025-08,601939.SH,建设银行,银行,10,0.8496439168683825,0.76,7.58,4.7078,2.464276,0.008045963466188445,-0.2989742268383939,-0.041151372073379267,-0.34792595175457147
2025-08,600863.SH,华能蒙电,公用事业,11,0.854628060279914,1.53,12.47,8.6478,0.026369,0.01005795304146186,-0.2989742268383939,-0.0024752475247524774,-0.3092498272059447
2025-08,601598.SH,中国外运,交通运输,12,0.8546286339600568,0.97,10.29,4.8836,0.038688,0.009854644516011396,-0.2989742268383939,0.06570048309178733,-0.24107409658940487
2025-08,601298.SH,青岛港,交通运输,13,0.8430409471670041,1.28,10.6,6.5701,0.05640800000000001,0.008868589006059576,-0.2989742268383939,0.021659654548287666,-0.28511492513290454
2025-08,600582.SH,天地科技,机械设备,14,0.8394641043105484,1.0,7.68,8.3763,0.025866000000000004,0.012602565167949392,-0.2989742268383939,-0.025600000000000067,-0.3323745796811923
2025-08,601018.SH,宁波港,交通运输,15,0.8514437818848298,0.89,14.31,3.3008,0.070814,0.007722351731990974,-0.2989742268383939,-0.0027700831024930483,-0.30954466278368525
2025-08,600064.SH,南京高科,房地产,16,0.8353430616629585,0.68,6.91,7.3352,0.013064,0.009819250891087428,-0.2989742268383939,0.06490066225165547,-0.24187391742953673
2025-08,601000.SH,唐山港,交通运输,17,0.8455439370848705,1.13,13.13,4.2913,0.023881,0.006243840132666817,-0.2989742268383939,-0.02481389578163773,-0.33158847546282993
2025-08,600968.SH,海油发展,石油石化,18,0.8406299184621003,1.48,10.93,6.6785,0.040964999999999994,0.012041019157803107,-0.2989742268383939,0.00992555831265518,-0.296849021368537
2025-08,600023.SH,浙能电力,公用事业,19,0.8390586394868566,0.93,9.94,4.7763,0.069725,0.012217419594097275,-0.2989742268383939,-0.021359223300970953,-0.32813380298216316
2025-08,600642.SH,申能股份,公用事业,20,0.83476106209406,1.09,10.56,5.4179,0.040083,0.009466808968265369,-0.2989742268383939,-0.013431013431013383,-0.3202055931122056
2025-08,600050.SH,中国联通,通信,21,0.843496561781178,0.99,18.1,3.7974,0.166327,0.00671394004357316,-0.2989742268383939,0.072953463369682,-0.2338211163115102
2025-08,600177.SH,雅戈尔,纺织服饰,22,0.8327053984274516,0.82,12.91,4.0905,0.034121,0.006978004882179582,-0.2989742268383939,-0.0013850415512465242,-0.30815962123243873
2025-08,601319.SH,中国人保,非银金融,23,0.8225736871046311,1.29,7.72,9.5803,0.36086799999999997,0.014170480202737253,-0.2989742268383939,0.08872991967871502,-0.2180446600024772
2025-08,000543.SZ,皖能电力,公用事业,24,0.8267202279930105,1.0,7.83,6.7729,0.016094999999999998,0.010860491109878726,-0.2989742268383939,0.015492957746478853,-0.29128162193471335
2025-08,600483.SH,福能股份,公用事业,25,0.8251259095462434,1.01,8.93,5.2341,0.026272000000000004,0.008537196204680943,-0.2989742268383939,0.01599658739468901,-0.2907779922865032
2025-08,600998.SH,九州通,医药生物,26,0.8247721191423351,1.04,9.4,5.2553,0.027632999999999998,0.01237182401041405,-0.2989742268383939,-0.06386861313868619,-0.3706431928198784
2025-08,600008.SH,首创环保,环保,27,0.8319417449486871,1.07,6.36,3.0368,0.022682,0.009005677277038503,-0.2989742268383939,0.016393442622950838,-0.29038113705824137
2025-08,600583.SH,海油工程,石油石化,28,0.8259554196323138,0.91,10.9,4.1641,0.024273,0.010371181009265065,-0.2989742268383939,0.0036429872495444826,-0.3031315924316477
2025-08,600901.SH,江苏金租,非银金融,29,0.8168494328445529,1.34,11.15,6.4818,0.03348,0.013231297429358062,-0.2989742268383939,-0.031858407079646156,-0.33863298676083836
2025-08,000598.SZ,兴蓉环境,环保,30,0.8151076179755041,1.13,10.35,5.2916,0.021189,0.010826813054622395,-0.2989742268383939,-0.04929577464788726,-0.35607035432907946
2025-09,601668.SH,中国建筑,建筑装饰,1,0.8966090656050963,0.48,4.87,6.4329,0.22974099999999997,0.009626135494841887,-0.0328199624652975,0.0,-0.0341405281431552
2025-09,600018.SH,上港集团,交通运输,2,0.8830850466372825,0.95,8.93,5.9571,0.130143,0.008868365736863486,-0.0328199624652975,-0.010830324909747224,-0.044970853052902424
2025-09,601077.SH,渝农商行,银行,3,0.8790432496650917,0.55,6.11,5.7341,0.07245800000000001,0.00952378759102223,-0.0328199624652975,0.01133309587799114,-0.02280743226516406
2025-09,600023.SH,浙能电力,公用事业,4,0.8742874562216191,0.93,9.3,4.7763,0.06825,0.006897974371470098,-0.0328199624652975,0.01388888888888884,-0.02025163925426636
2025-09,600582.SH,天地科技,机械设备,5,0.8658611908511238,1.0,7.95,8.3763,0.025204,0.010874207947872661,-0.0328199624652975,-0.006568144499178974,-0.04070867264233417
2025-09,600863.SH,华能蒙电,公用事业,6,0.8690051193570515,1.58,12.44,8.6478,0.026302999999999997,0.004915812557864116,-0.0328199624652975,0.05210918114143914,0.017968652998283943
2025-09,601825.SH,沪农商行,银行,7,0.8604027094472669,0.67,6.84,5.5955,0.08438899999999999,0.009216211944841526,-0.0328199624652975,-0.045716300387824815,-0.07985682853098001
2025-09,002948.SZ,青岛银行,银行,8,0.8634544023460885,0.72,6.13,6.8096,0.028752999999999997,0.013545638984011874,-0.0328199624652975,-0.044534412955465674,-0.07867494109862087
2025-09,002958.SZ,青农商行,银行,9,0.8653008652528935,0.52,6.3,5.1767,0.018667,0.010369791074012836,-0.0328199624652975,-0.06547619047619035,-0.09961671861934555
2025-09,601665.SH,齐鲁银行,银行,10,0.8601058386064081,0.81,6.34,5.5572,0.034092000000000004,0.011727031662757407,-0.0328199624652975,0.03321646060158723,-0.0009240675415679717
2025-09,601939.SH,建设银行,银行,11,0.8548114351372423,0.7,7.25,4.7078,2.364867,0.008054596692400781,-0.0328199624652975,-0.041788077974294846,-0.07592860611745005
2025-09,601598.SH,中国外运,交通运输,12,0.8569632605850985,1.02,10.5,4.8836,0.041161,0.009319593578989597,-0.0328199624652975,0.14505893019038996,0.11091840204723476
2025-09,601390.SH,中国中铁,建筑装饰,13,0.858103992459168,0.45,5.48,3.2785,0.139292,0.007505394415697004,-0.0328199624652975,0.03244412400865171,-0.0016964041345034903
2025-09,600027.SH,华电国际,公用事业,14,0.8544720015233811,1.4,9.77,5.7548,0.062354999999999994,0.011131938734000361,-0.0328199624652975,-0.030303030303030276,-0.06444355844618548
2025-09,600998.SH,九州通,医药生物,15,0.8535150728873387,1.0,9.42,5.2553,0.025868000000000002,0.010193071003599891,-0.0328199624652975,-0.040935672514619825,-0.07507620065777502
2025-09,000543.SZ,皖能电力,公用事业,16,0.8454084526352651,1.01,7.88,6.7729,0.016344,0.006091277558908807,-0.0328199624652975,0.03606102635228847,0.0019204982091332728
2025-09,601857.SH,中国石油,石油石化,17,0.8482991025541219,1.02,9.96,5.4696,1.594113,0.011050941221669325,-0.0328199624652975,-0.024734982332155542,-0.05887551047531074
2025-09,600642.SH,申能股份,公用事业,18,0.8467479691432773,1.11,10.33,5.4179,0.039544,0.004376879988082533,-0.0328199624652975,-0.013613861386138626,-0.047754389529293825
2025-09,002608.SZ,江苏国信,公用事业,19,0.8472901138426736,0.86,8.76,6.1022,0.029053,0.010400274106231061,-0.0328199624652975,0.08192457737321202,0.047784049230056816
2025-09,601326.SH,秦港股份,交通运输,20,0.8540153891197407,0.96,12.35,5.0356,0.019053,0.009468640250443982,-0.0328199624652975,0.011730205278592365,-0.022410322864562834
2025-09,601018.SH,宁波港,交通运输,21,0.855345492052054,0.89,13.42,3.3008,0.070619,0.00710438337571347,-0.0328199624652975,0.01388888888888884,-0.02025163925426636
2025-09,601298.SH,青岛港,交通运输,22,0.8413112804401912,1.28,10.35,6.5701,0.056277999999999995,0.010793892748406373,-0.0328199624652975,-0.018771851608513024,-0.05291237975166822
2025-09,601918.SH,新集能源,煤炭,23,0.8412531103690235,1.0,7.72,5.7553,0.016502,0.008679129077295353,-0.0328199624652975,0.0031645569620253333,-0.030975971181129866
2025-09,002701.SZ,奥瑞金,轻工制造,24,0.8391786073358893,1.48,12.47,9.6406,0.014283,0.00890115313849652,-0.0328199624652975,-0.026881720430107614,-0.06102224857326281
2025-09,600064.SH,南京高科,房地产,25,0.835346137497801,0.74,6.68,7.3352,0.013912,0.010067943925483736,-0.0328199624652975,0.00995024875621886,-0.02419027938693634
2025-09,600970.SH,中材国际,建筑装饰,26,0.8350672649516616,1.12,8.03,6.6633,0.024128999999999998,0.009103112585954198,-0.0328199624652975,-0.01422319474835898,-0.04836372289151418
2025-09,601000.SH,唐山港,交通运输,27,0.8448272343604886,1.14,13.23,4.2913,0.023288999999999997,0.005238709104855461,-0.0328199624652975,-0.025445292620865145,-0.059585820764020345
2025-09,000598.SZ,兴蓉环境,环保,28,0.8356967657604142,1.08,9.86,5.2916,0.020145,0.00842379547198862,-0.0328199624652975,-0.001481481481481417,-0.035622009624636616
2025-09,601186.SH,中国铁建,建筑装饰,29,0.8356396993528016,0.41,5.23,3.1974,0.109858,0.007273462424962291,-0.0328199624652975,-0.0049443757725585735,-0.03908490391571377
2025-09,600177.SH,雅戈尔,纺织服饰,30,0.8318229644355778,0.8,13.02,4.0905,0.034075,0.007315880964701026,-0.0328199624652975,0.01109570041608876,-0.02304482772706644
2025-10,601668.SH,中国建筑,建筑装饰,1,0.8845226235540258,0.48,4.87,8.0099,0.22974099999999997,0.01008482332610599,0.0779736301966118,-0.023381294964028743,-0.004320109184566243
2025-10,601818.SH,光大银行,银行,2,0.8894131701996543,0.41,4.75,6.2217,0.198527,0.008169963470543605,0.0779736301966118,0.015360983102918668,0.03442216888238117
2025-10,600018.SH,上港集团,交通运输,3,0.8821743559096188,0.94,8.83,8.2481,0.128746,0.007548837200008982,0.0779736301966118,0.012773722627737127,0.03183490840719963
2025-10,601319.SH,中国人保,非银金融,4,0.8723967753415601,1.22,7.45,16.0678,0.348043,0.011179692971790132,0.0779736301966118,0.07697241821680567,0.09603360399626817
2025-10,601916.SH,浙商银行,银行,5,0.8822284098322017,0.47,5.53,5.815,0.08211900000000001,0.007768584809748756,0.0779736301966118,0.013377926421404451,0.032439112200866954
2025-10,002948.SZ,青岛银行,银行,6,0.8726911646816191,0.69,5.86,8.8673,0.027472000000000003,0.010074396616961752,0.0779736301966118,0.09322033898305104,0.11228152476251355
2025-10,600023.SH,浙能电力,公用事业,7,0.8700895069583982,0.94,9.43,8.3957,0.069189,0.011173672535426206,0.0779736301966118,0.02152641878669259,0.040587604566155094
2025-10,601825.SH,沪农商行,银行,8,0.8641902550888884,0.62,6.35,8.462,0.078313,0.008819121939364903,0.0779736301966118,0.06034482758620685,0.07940601336566935
2025-10,601988.SH,中国银行,银行,9,0.8695574495074799,0.64,7.12,6.0123,1.685171,0.009431216736800627,0.0779736301966118,0.08788032652423539,0.10694151230369789
2025-10,600919.SH,江苏银行,银行,10,0.8609816808232494,0.73,5.5,9.5769,0.18333,0.009731265603777555,0.0779736301966118,0.09628226232257653,0.11534344810203903
2025-10,600582.SH,天地科技,机械设备,11,0.8597619297851575,0.99,7.9,9.372,0.025038,0.00862857924540807,0.0779736301966118,0.011570247933884392,0.03063143371334689
2025-10,600968.SH,海油发展,石油石化,12,0.8654543789206649,1.45,10.35,10.2284,0.040050999999999996,0.010796118476941998,0.0779736301966118,-0.005076142131979711,0.013985043647482789
2025-10,600027.SH,华电国际,公用事业,13,0.8608154648965549,1.35,9.48,9.1515,0.060497,0.01087935574156811,0.0779736301966118,0.046875,0.0659361857794625
2025-10,601919.SH,中远海控,交通运输,14,0.8439272543613254,0.96,4.48,11.5953,0.222743,0.009667883163912113,0.0779736301966118,0.09913169319826332,0.11819287897772582
2025-10,601857.SH,中国石油,石油石化,15,0.8499726004773821,0.97,9.47,8.2163,1.515414,0.011408757415050274,0.0779736301966118,0.15458937198067657,0.17365055776013907
2025-10,600998.SH,九州通,医药生物,16,0.8535486860451158,0.95,9.04,7.1197,0.024809,0.008426468875646737,0.0779736301966118,0.04268292682926833,0.06174411260873083
2025-10,000598.SZ,兴蓉环境,环保,17,0.8468239256365159,1.08,9.85,9.3734,0.020115,0.00764893592974626,0.0779736301966118,0.060830860534124565,0.07989204631358707
2025-10,600269.SH,赣粤高速,交通运输,18,0.8459492421619917,0.6,8.05,8.4486,0.011397,0.006497346667359673,0.0779736301966118,0.11475409836065587,0.13381528414011837
2025-10,600642.SH,申能股份,公用事业,19,0.8439920845264867,1.1,10.19,8.4027,0.039006,0.008582826921818418,0.0779736301966118,0.04391468005018817,0.06297586582965067
2025-10,600901.SH,江苏金租,非银金融,20,0.8472281991411942,1.34,10.56,9.954,0.032437,0.011677942825239776,0.0779736301966118,0.08409506398537481,0.10315624976483731
2025-10,600795.SH,国电电力,公用事业,21,0.8486118988272021,1.59,13.56,11.5594,0.09221,0.012983075661220035,0.0779736301966118,0.06311637080867838,0.08217755658814088
2025-10,600064.SH,南京高科,房地产,22,0.8383038927123667,0.75,6.74,12.6663,0.01405,0.010237653498848176,0.0779736301966118,0.11206896551724133,0.13113015129670383
2025-10,601000.SH,唐山港,交通运输,23,0.8486469920857621,1.11,12.9,6.651,0.022696,0.00562428194284962,0.0779736301966118,0.04960835509138373,0.06866954087084623
2025-10,600863.SH,华能蒙电,公用事业,24,0.8439394570206645,1.67,13.09,12.0222,0.027674,0.011807242169123438,0.0779736301966118,0.030660377358490587,0.04972156313795309
2025-10,601117.SH,中国化学,建筑装饰,25,0.838725858425651,0.71,7.83,6.6232,0.046595,0.010539414834604218,0.0779736301966118,0.033200531208499307,0.05226171698796181
2025-10,601298.SH,青岛港,交通运输,26,0.8359583237740018,1.25,10.16,9.5171,0.055238999999999996,0.011543158241642088,0.0779736301966118,0.014348231580457504,0.03340941735992001
2025-10,001286.SZ,陕西能源,公用事业,27,0.8297598725031559,1.36,12.17,9.4961,0.034088,0.007849594938302755,0.0779736301966118,0.10011001100110017,0.11917119678056268
2025-10,601918.SH,新集能源,煤炭,28,0.8307461171384488,1.01,7.74,9.2316,0.016554,0.011706085877512666,0.0779736301966118,0.15772870662460559,0.1767898924040681
2025-10,600583.SH,海油工程,石油石化,29,0.835495535378145,0.89,11.49,6.0274,0.023698,0.008825624825299779,0.0779736301966118,0.04664179104477606,0.06570297682423856
2025-10,600970.SH,中材国际,建筑装饰,30,0.8255198928057925,1.1,7.86,9.5846,0.023622999999999998,0.011134808632579983,0.0779736301966118,0.05216426193118773,0.07122544771065023
2025-11,600018.SH,上港集团,交通运输,1,0.8832154636245478,0.93,9.04,8.2481,0.130376,0.007517893564450944,0.0025906465689638,-0.0108108108108107,-0.0030053272797271003
2025-11,601668.SH,中国建筑,建筑装饰,2,0.8740032332882419,0.47,5.02,8.0099,0.22436999999999999,0.012603663299065676,0.0025906465689638,-0.034990791896869156,-0.027185308365785556
2025-11,600968.SH,海油发展,石油石化,3,0.8713568295701423,1.39,10.43,10.2284,0.039847,0.01031629481257378,0.0025906465689638,-0.030612244897959218,-0.02280676136687562
2025-11,601988.SH,中国银行,银行,4,0.8698430739031434,0.68,7.63,6.0123,1.830166,0.00818784696900741,0.0025906465689638,0.07001041180483258,0.07781589533591618
2025-11,601916.SH,浙商银行,银行,5,0.8753528217078527,0.47,5.97,5.815,0.083218,0.009896273854646215,0.0025906465689638,0.03300330033003296,0.04080878386111656
2025-11,601128.SH,常熟银行,银行,6,0.8593808126449242,0.79,5.61,11.3611,0.023547,0.010558834989614818,0.0025906465689638,0.019718309859154903,0.027523793390238502
2025-11,601216.SH,君正集团,基础化工,7,0.863071744337728,1.53,13.15,9.9822,0.044215,0.007360953836074062,0.0025906465689638,-0.06106870229007644,-0.053263218758992835
2025-11,002958.SZ,青农商行,银行,8,0.865634580003529,0.49,6.06,7.5483,0.018,0.009475969131590297,0.0025906465689638,-0.0092592592592593,-0.0014537757281757003
2025-11,601818.SH,光大银行,银行,9,0.8648863792793975,0.41,5.0,6.2217,0.201482,0.01349406495996044,0.0025906465689638,0.05748865355521926,0.06529413708630286
2025-11,600027.SH,华电国际,公用事业,10,0.8574306873544066,1.3,9.06,9.1515,0.063284,0.012103288579100166,0.0025906465689638,-0.027985074626865725,-0.020179591095782125
2025-11,601169.SH,北京银行,银行,11,0.8587907394303511,0.43,4.55,5.6896,0.11966900000000001,0.010030290576496315,0.0025906465689638,0.014134275618374659,0.021939759149458258
2025-11,600998.SH,九州通,医药生物,12,0.8555312291885294,0.98,9.28,7.1197,0.025868000000000002,0.007796347485164118,0.0025906465689638,-0.031189083820662766,-0.023383600289579167
2025-11,600023.SH,浙能电力,公用事业,13,0.8534133517946726,0.93,9.61,8.3957,0.069994,0.014244711266475125,0.0025906465689638,-0.028735632183907955,-0.020930148652824356
2025-11,600642.SH,申能股份,公用事业,14,0.8465301776536414,1.11,10.24,8.4027,0.040719,0.007156568471994906,0.0025906465689638,-0.03125,-0.0234445164689164
2025-11,601319.SH,中国人保,非银金融,15,0.8334765057575938,1.19,7.02,16.0678,0.374577,0.017089253233747347,0.0025906465689638,-0.028588445503275772,-0.020782961972192173
2025-11,600398.SH,海澜之家,纺织服饰,16,0.8421501847828795,1.66,14.11,10.6353,0.029825,0.008228746914652824,0.0025906465689638,-0.0032206119162639935,0.004584871614819607
2025-11,601919.SH,中远海控,交通运输,17,0.8316324196223189,1.01,6.18,11.5953,0.235289,0.010727206118454596,0.0025906465689638,-0.004608294930875556,0.003197188600208044
2025-11,600863.SH,华能蒙电,公用事业,18,0.8425258581627758,1.65,13.82,12.0222,0.028522000000000002,0.012497892230198974,0.0025906465689638,0.06178489702517154,0.06959038055625513
2025-11,601000.SH,唐山港,交通运输,19,0.8458495653940311,1.14,13.34,6.651,0.023822,0.008038103716317645,0.0025906465689638,-0.04477611940298498,-0.03697063587190138
2025-11,600901.SH,江苏金租,非银金融,20,0.8375185830150024,1.4,11.1,9.954,0.035102,0.013075134179659461,0.0025906465689638,0.018549747048903997,0.026355230579987596
2025-11,601298.SH,青岛港,交通运输,21,0.8311700773867605,1.23,10.22,9.5171,0.056018,0.012693276064637327,0.0025906465689638,-0.017681589928566388,-0.009876106397482789
2025-11,000166.SZ,申万宏源,非银金融,22,0.8397707319329798,1.23,14.61,7.4232,0.136968,0.012783995408917956,0.0025906465689638,-0.053357865685372596,-0.045552382154288994
2025-11,600970.SH,中材国际,建筑装饰,23,0.8286008600789776,1.12,8.29,9.5846,0.024855000000000002,0.010054656393881584,0.0025906465689638,0.007383966244725704,0.015189449775809303
2025-11,000598.SZ,兴蓉环境,环保,24,0.8316502481327237,1.1,10.0,9.3734,0.021336,0.011669143477050888,0.0025906465689638,-0.027972027972028024,-0.020166544440944425
2025-11,600050.SH,中国联通,通信,25,0.8407402813832784,0.99,17.94,5.2093,0.169766,0.007053494734116013,0.0025906465689638,0.0036832412523020164,0.011488724783385616
2025-11,601728.SH,中国电信,通信,26,0.8354812174909712,1.35,17.88,6.7596,0.616758,0.008182675756547316,0.0025906465689638,0.020771513353115667,0.028576996884199266
2025-11,601117.SH,中国化学,建筑装饰,27,0.8310103180949515,0.73,7.91,6.6232,0.048122000000000005,0.01199502606384123,0.0025906465689638,-0.0398457583547559,-0.0320402748236723
2025-11,600582.SH,天地科技,机械设备,28,0.8278351277680643,0.99,9.09,9.372,0.025328,0.015189926933312364,0.0025906465689638,-0.0326797385620915,-0.0248742550310079
2025-11,600795.SH,国电电力,公用事业,29,0.8250083023601887,1.57,12.96,11.5594,0.096134,0.01707155239209337,0.0025906465689638,0.0556586270871986,0.0634641106182822
2025-11,601018.SH,宁波港,交通运输,30,0.840173654033417,0.92,15.76,4.9049,0.073538,0.010463812617269044,0.0025906465689638,0.0,0.0078054835310836
2025-12,601668.SH,中国建筑,建筑装饰,1,0.8967822519052713,0.45,4.85,8.0099,0.21651900000000002,0.0066469728024513,-0.1494613005646916,-0.01717557251908397,-0.16704072368299017
2025-12,600018.SH,上港集团,交通运输,2,0.8847068205634747,0.92,8.95,8.2481,0.12897899999999998,0.007187922546596904,-0.1494613005646916,-0.020036429872495543,-0.16990158103640174
2025-12,600023.SH,浙能电力,公用事业,3,0.8828957480942893,0.91,9.33,8.3957,0.067982,0.008818143346754058,-0.1494613005646916,-0.021696252465483346,-0.17156140362938954
2025-12,601818.SH,光大银行,银行,4,0.8816676541845327,0.43,5.28,6.2217,0.21270799999999998,0.010995244157571945,-0.1494613005646916,-0.03433476394849788,-0.18419991511240408
2025-12,601128.SH,常熟银行,银行,5,0.8661762690905276,0.81,5.72,11.3611,0.024012000000000002,0.009165047488615225,-0.1494613005646916,-0.026243093922652005,-0.1761082450865582
2025-12,600027.SH,华电国际,公用事业,6,0.8722729773065884,1.24,8.66,9.1515,0.060497,0.009930471844060158,-0.1494613005646916,-0.03838771593090218,-0.18825286709480837
2025-12,600582.SH,天地科技,机械设备,7,0.8677826040038779,0.96,8.79,9.372,0.0245,0.005701630968026951,-0.1494613005646916,-0.005067567567567655,-0.15493271873147385
2025-12,601916.SH,浙商银行,银行,8,0.8756692449618952,0.48,6.16,5.815,0.085964,0.010341677987844375,-0.1494613005646916,-0.02875399361022357,-0.17861914477412977
2025-12,002948.SZ,青岛银行,银行,9,0.8686195704741607,0.72,5.93,8.8673,0.028462,0.011859907029519874,-0.1494613005646916,-0.07770961145194277,-0.22757476261584897
2025-12,600578.SH,京能电力,公用事业,10,0.8673190967100467,1.29,8.82,10.8247,0.030661,0.011549327393834477,-0.1494613005646916,0.14410480349344978,-0.005760347670456412
2025-12,600968.SH,海油发展,石油石化,11,0.8698832920810563,1.35,10.11,10.2284,0.038627,0.011751480682288736,-0.1494613005646916,0.0052631578947368585,-0.14460199326916934
2025-12,600919.SH,江苏银行,银行,12,0.8584719638845703,0.77,5.78,9.5769,0.19764400000000001,0.00987105357207724,-0.1494613005646916,-0.029696046594055114,-0.1795611977579613
2025-12,002608.SZ,江苏国信,公用事业,13,0.8581856728509375,0.84,8.31,9.5172,0.029469,0.008303875891273689,-0.1494613005646916,-0.0461538461538461,-0.1960189973177523
2025-12,601077.SH,渝农商行,银行,14,0.8608917930604489,0.57,6.34,7.9429,0.07541,0.013001932340533227,-0.1494613005646916,-0.03417953577975963,-0.18404468694366583
2025-12,601216.SH,君正集团,基础化工,15,0.859112053184318,1.44,12.35,9.9822,0.041514999999999996,0.011339407631756395,-0.1494613005646916,-0.014227642276422814,-0.164092793440329
2025-12,000166.SZ,申万宏源,非银金融,16,0.8604972226749262,1.17,13.83,7.4232,0.129707,0.01006798879715378,-0.1494613005646916,0.02818270165208947,-0.12168244951181673
2025-12,601390.SH,中国中铁,建筑装饰,17,0.858990871569547,0.43,5.45,4.8209,0.13528099999999998,0.0074853333153339745,-0.1494613005646916,0.0022230455724343567,-0.14764210559147184
2025-12,000598.SZ,兴蓉环境,环保,18,0.850767955928827,1.06,9.72,9.3734,0.020738999999999997,0.0067904579154772805,-0.1494613005646916,0.044604316546762446,-0.10526083461714375
2025-12,600704.SH,物产中大,交通运输,19,0.8561477255708219,0.69,7.42,7.1652,0.028183,0.010729481651519249,-0.1494613005646916,0.0542056074766355,-0.0956595436872707
2025-12,600064.SH,南京高科,房地产,20,0.8448414408788802,0.74,6.3,12.6663,0.014639,0.009595179723488906,-0.1494613005646916,0.033096926713947816,-0.11676822444995838
2025-12,600795.SH,国电电力,公用事业,21,0.8526924884502353,1.66,13.68,11.5594,0.101485,0.012054007555505817,-0.1494613005646916,-0.11775043936731122,-0.2676155905312174
2025-12,600998.SH,九州通,医药生物,22,0.8533569420111197,0.95,8.99,7.1197,0.025061,0.009696354918946451,-0.1494613005646916,0.07042253521126773,-0.07944261595263846
2025-12,600269.SH,赣粤高速,交通运输,23,0.847005324163591,0.62,7.01,8.4486,0.012308,0.0085777879135488,-0.1494613005646916,-0.017077798861480087,-0.16694295002538628
2025-12,000543.SZ,皖能电力,公用事业,24,0.8405974259188945,1.07,7.68,11.5507,0.018338999999999998,0.010709021874488104,-0.1494613005646916,0.003708281829418958,-0.14615686933448724
2025-12,601298.SH,青岛港,交通运输,25,0.8428521777928346,1.21,10.04,9.5171,0.055045000000000004,0.011459755179888583,-0.1494613005646916,0.005591955264357962,-0.14427319589954823
2025-12,601000.SH,唐山港,交通运输,26,0.8514226615144883,1.09,12.74,6.651,0.022756000000000002,0.006357822917211696,-0.1494613005646916,0.0026041666666667407,-0.14726098449723946
2025-12,000987.SZ,越秀资本,非银金融,27,0.8427744555337745,1.15,10.15,9.404,0.036374000000000004,0.01224043001762443,-0.1494613005646916,0.18482758620689643,0.034962435042990236
2025-12,601919.SH,中远海控,交通运输,28,0.8271058317777015,1.01,6.16,11.5953,0.23420500000000002,0.012565541299870234,-0.1494613005646916,-0.014550264550264425,-0.16441541571417062
2025-12,600398.SH,海澜之家,纺织服饰,29,0.8361087088114904,1.65,14.07,10.6353,0.029729000000000002,0.010768785453660206,-0.1494613005646916,-0.021001615508885463,-0.17086676667279166
2025-12,601117.SH,中国化学,建筑装饰,30,0.8366385263420183,0.71,7.6,6.6232,0.046229,0.012196032428643555,-0.1494613005646916,-0.0026773761713519972,-0.1525425273352582
2026-01,601668.SH,中国建筑,建筑装饰,1,0.8893025151169306,0.44,4.76,8.0099,0.2128,0.008816444890368733,0.0285698048326642,-0.04077669902912617,-0.018196996121981574
2026-01,600018.SH,上港集团,交通运输,2,0.8850686488025491,0.9,8.77,8.2481,0.12641,0.006157398308527318,0.0285698048326642,-0.0817843866171003,-0.0592046837099557
2026-01,600023.SH,浙能电力,公用事业,3,0.8821748929851885,0.89,9.13,8.3957,0.06650700000000001,0.007786163879370478,0.0285698048326642,-0.004032258064516014,0.018547444842628585
2026-01,601818.SH,光大银行,银行,4,0.8866219352913702,0.41,5.1,6.2217,0.205618,0.007937293615021258,0.0285698048326642,-0.03851851851851851,-0.01593881561137391
2026-01,601658.SH,邮储银行,银行,5,0.881249290955755,0.65,7.5,6.9813,0.654518,0.007073723677831935,0.0285698048326642,-0.04261310305988364,-0.02003340015273904
2026-01,002948.SZ,青岛银行,银行,6,0.8765488472392097,0.66,5.47,8.8673,0.02625,0.008103025122028146,0.0285698048326642,0.16629711751662968,0.18887682042377427
2026-01,601128.SH,常熟银行,银行,7,0.864137483827111,0.79,5.57,11.3611,0.023381,0.008229679177401469,0.0285698048326642,0.02411347517730489,0.04669317808444949
2026-01,601916.SH,浙商银行,银行,8,0.8753051596101372,0.47,5.99,5.815,0.083492,0.008791892686875248,0.0285698048326642,-0.03289473684210531,-0.01031503393496071
2026-01,600968.SH,海油发展,石油石化,9,0.8696441264801092,1.36,10.16,10.2284,0.038831,0.00968893137996343,0.0285698048326642,0.09162303664921478,0.11420273955635939
2026-01,600582.SH,天地科技,机械设备,10,0.8631903760607964,0.96,8.75,9.372,0.024376,0.0069349827079735055,0.0285698048326642,-0.006791171477079749,0.01578853143006485
2026-01,002958.SZ,青农商行,银行,11,0.8696654866563545,0.47,5.78,7.5483,0.017166999999999998,0.005456574628238179,0.0285698048326642,-0.003236245954692518,0.01934345695245208
2026-01,601216.SH,君正集团,基础化工,12,0.863744633716489,1.42,12.17,9.9822,0.040924,0.008374476021869725,0.0285698048326642,0.14020618556701048,0.16278588847415507
2026-01,601919.SH,中远海控,交通运输,13,0.8465756803415657,0.99,6.07,13.2216,0.23079699999999997,0.007892772353848644,0.0285698048326642,-0.05033557046979864,-0.02775586756265404
2026-01,601298.SH,青岛港,交通运输,14,0.8510587021517525,1.2,9.92,9.5171,0.054395000000000006,0.00707411267520076,0.0285698048326642,0.13723150357995206,0.15981120648709665
2026-01,600027.SH,华电国际,公用事业,15,0.85758897433676,1.2,8.33,9.1515,0.058175,0.011788147825403874,0.0285698048326642,-0.03393213572854292,-0.011352432821398323
2026-01,601390.SH,中国中铁,建筑装饰,16,0.8579656418703077,0.42,5.38,4.8209,0.133553,0.006430194236679521,0.0285698048326642,-0.007393715341959317,0.015185987565185282
2026-01,600642.SH,申能股份,公用事业,17,0.8498046761326966,1.04,9.63,8.4027,0.038321,0.0067148911633524684,0.0285698048326642,0.05363984674329503,0.07621954965043963
2026-01,000166.SZ,申万宏源,非银金融,18,0.8578045195528473,1.19,14.13,7.4232,0.132461,0.008543528530940576,0.0285698048326642,-0.04914933837429103,-0.02656963546714643
2026-01,002608.SZ,江苏国信,公用事业,19,0.8498069625551062,0.81,7.93,9.5172,0.028109,0.009570920358166587,0.0285698048326642,0.016129032258064502,0.038708735165209104
2026-01,600704.SH,物产中大,交通运输,20,0.8527725445831682,0.73,7.81,7.1652,0.029682999999999998,0.00902419316537521,0.0285698048326642,-0.00886524822695034,0.01371445468019426
2026-01,600098.SH,广州发展,公用事业,21,0.8482758898833851,0.84,9.97,8.011,0.022963,0.007231255105020452,0.0285698048326642,0.047328244274809306,0.06990794718195391
2026-01,600269.SH,赣粤高速,交通运输,22,0.8450579912413443,0.61,6.89,8.4486,0.012097,0.006433672171908512,0.0285698048326642,-0.06370656370656369,-0.04112686079941909
2026-01,600064.SH,南京高科,房地产,23,0.8364539498268274,0.77,6.5,12.6663,0.015123,0.009391521491049841,0.0285698048326642,-0.012585812356979309,0.00999389055016529
2026-01,600901.SH,江苏金租,非银金融,24,0.8425238414575211,1.42,11.27,9.954,0.03562,0.010481346433757862,0.0285698048326642,0.003252032520325132,0.02583173542746973
2026-01,000791.SZ,甘肃能源,公用事业,25,0.8381253209301996,1.44,8.07,11.2351,0.021053,0.009638643491278685,0.0285698048326642,0.04006163328197232,0.06264133618911692
2026-01,000563.SZ,陕国投Ａ,非银金融,26,0.8480711320320693,0.96,12.58,7.7791,0.017899,0.009488633418961265,0.0285698048326642,-0.005714285714285672,0.016865417192858927
2026-01,600873.SH,梅花生物,基础化工,27,0.8297946957495038,1.77,7.58,19.7134,0.028575,0.006636749951970406,0.0285698048326642,0.03336604514229635,0.055945748049440955
2026-01,600050.SH,中国联通,通信,28,0.8474530147723616,0.94,17.05,5.4743,0.161324,0.006198567513693705,0.0285698048326642,-0.06395348837209303,-0.04137378546494842
2026-01,000598.SZ,兴蓉环境,环保,29,0.836366768544619,1.11,10.15,9.3734,0.021664,0.009058385353250627,0.0285698048326642,-0.02066115702479332,0.0019185458823512795
2026-01,600398.SH,海澜之家,纺织服饰,30,0.8386197253609554,1.62,13.77,10.6353,0.029105000000000002,0.008748970229857813,0.0285698048326642,-0.0066006600660065695,0.01597904284113803
2026-02,601668.SH,中国建筑,建筑装饰,1,0.8939673608840213,0.42,4.57,8.0099,0.204123,0.00956955018990982,0.0167762257662616,0.020242914979756943,0.005078657756838743
2026-02,601818.SH,光大银行,银行,2,0.8906333814591822,0.4,4.91,6.2217,0.197937,0.007876702533008931,0.0167762257662616,-0.0015408320493065508,-0.01670508927222475
2026-02,600027.SH,华电国际,公用事业,3,0.8835462298256459,1.15,8.05,9.1515,0.056201,0.00586831505575223,0.0167762257662616,0.0723140495867769,0.0571497923638587
2026-02,600023.SH,浙能电力,公用事业,4,0.884671699752273,0.88,9.1,8.3957,0.06623899999999999,0.008367432006203209,0.0167762257662616,0.0991902834008096,0.0840260261778914
2026-02,600018.SH,上港集团,交通运输,5,0.8832979994574259,0.82,8.58,8.2481,0.115003,0.01058304294871654,0.0167762257662616,0.038461538461538325,0.023297281238620127
2026-02,601658.SH,邮储银行,银行,6,0.8802073670056914,0.6,7.02,6.9813,0.6124850000000001,0.010054331647631748,0.0167762257662616,-0.021568627450980316,-0.036732884673898514
2026-02,600795.SH,国电电力,公用事业,7,0.877809193136014,1.33,10.94,11.5594,0.081152,0.012012604241029748,0.0167762257662616,0.0923076923076922,0.077143435084774
2026-02,601916.SH,浙商银行,银行,8,0.883215517955187,0.46,5.79,5.815,0.080746,0.005730357085070073,0.0167762257662616,0.023809523809523725,0.008645266586605525
2026-02,601988.SH,中国银行,银行,9,0.8716994818169332,0.65,7.28,6.0123,1.746391,0.008923227467416419,0.0167762257662616,-0.02029520295202958,-0.03545946017494778
2026-02,601919.SH,中远海控,交通运输,10,0.8571113009842329,0.94,5.74,13.2216,0.218419,0.007221793031755739,0.0167762257662616,0.09116607773851593,0.07600182051559773
2026-02,601398.SH,工商银行,银行,11,0.8634894870165957,0.68,7.11,6.6331,2.608894,0.008748510386833849,0.0167762257662616,-0.049180327868852514,-0.06434458509177071
2026-02,601939.SH,建设银行,银行,12,0.8600860570746718,0.67,6.97,7.4002,2.299467,0.009095967177384727,0.0167762257662616,-0.0091012514220703,-0.024265508644988498
2026-02,600582.SH,天地科技,机械设备,13,0.8626168453451263,0.95,8.69,9.372,0.024211,0.00917684682803115,0.0167762257662616,0.04957264957264962,0.03440839234973142
2026-02,002608.SZ,江苏国信,公用事业,14,0.85766519424274,0.82,8.06,9.5172,0.028562,0.008769304411212703,0.0167762257662616,0.10317460317460325,0.08801034595168505
2026-02,600011.SH,华能国际,公用事业,15,0.8565864824081643,1.61,7.38,10.4352,0.10753199999999999,0.010825930346537444,0.0167762257662616,0.08029197080291972,0.06512771358000152
2026-02,600642.SH,申能股份,公用事业,16,0.8489128362375526,1.1,10.15,8.4027,0.040376,0.007166874267932448,0.0167762257662616,0.07030303030303031,0.05513877308011211
2026-02,601319.SH,中国人保,非银金融,17,0.839404037099792,1.28,7.51,16.0678,0.400669,0.016972426373843382,0.0167762257662616,-0.05518763796909487,-0.07035189519201307
2026-02,000166.SZ,申万宏源,非银金融,18,0.8479978779603297,1.13,13.43,7.4232,0.125951,0.01399728485074824,0.0167762257662616,-0.011928429423459397,-0.027092686646377595
2026-02,601766.SH,中国中车,机械设备,19,0.8424293217156689,1.05,11.85,5.8857,0.179081,0.011398386947972057,0.0167762257662616,0.008012820512820484,-0.007151436710097716
2026-02,000598.SZ,兴蓉环境,环保,20,0.835681204047699,1.09,9.94,9.3734,0.021216,0.011637361090504613,0.0167762257662616,0.011251758087201136,-0.003912499135717064
2026-02,600704.SH,物产中大,交通运输,21,0.8381483690866758,0.71,7.61,7.1652,0.028907,0.01410585363324755,0.0167762257662616,0.04472271914132375,0.029558461918405554
2026-02,601018.SH,宁波港,交通运输,22,0.8463108765764087,0.96,14.83,4.9049,0.07665,0.008927477209133715,0.0167762257662616,0.08375634517766484,0.06859208795474664
2026-02,600269.SH,赣粤高速,交通运输,23,0.8353988964889005,0.57,8.58,8.4486,0.011327,0.0108053852043125,0.0167762257662616,0.01855670103092799,0.003392443808009791
2026-02,000563.SZ,陕国投Ａ,非银金融,24,0.8414261228368156,0.96,12.37,7.7791,0.017797,0.012668860364339946,0.0167762257662616,0.031609195402298784,0.016444938179380586
2026-02,600901.SH,江苏金租,非银金融,25,0.8325798665396268,1.43,11.3,9.954,0.035736000000000004,0.014724616866151367,0.0167762257662616,0.04700162074554304,0.03183736352262484
2026-02,601326.SH,秦港股份,交通运输,26,0.8396994406287063,0.97,12.17,7.0214,0.019668,0.012133445968805338,0.0167762257662616,0.03125,0.016085742777081802
2026-02,601186.SH,中国铁建,建筑装饰,27,0.8300687624419193,0.35,4.54,4.4242,0.096822,0.01105789318321446,0.0167762257662616,0.030855539971949453,0.015691282749031255
2026-02,600398.SH,海澜之家,纺织服饰,28,0.826377685251709,1.61,13.68,10.6353,0.028913,0.01406673689511684,0.0167762257662616,0.04817275747508298,0.033008500252164785
2026-02,600177.SH,雅戈尔,纺织服饰,29,0.8258422109727772,0.78,12.76,5.5921,0.033243,0.009047838302914567,0.0167762257662616,0.008344923504867818,-0.006819333718050382
2026-02,601728.SH,中国电信,通信,30,0.827612285004795,1.15,15.23,6.7596,0.525251,0.01573128245955217,0.0167762257662616,0.022648083623693305,0.007483826400775105
